row_index,User ID,Bot Label,Tweet
0,132131,1,Join thousands of members earning a second income online. Details in bio.
1,289683,0,Grandma learned emojis this week. Every text now ends with a skull. We have not told her what it means.
2,779715,0,Can someone explain to me why my printer only works when I'm standing next to it
3,696168,1,GOAL!!! 90th minute winner sends the stadium into chaos ⚽️🤯 #PremierLeague
4,704441,1,Follow everyone who likes this tweet 🔁 #FollowTrain #GainFollowers
5,570928,1,Oil prices surge 4% after supply cut announcement 🛢️ #Oil https://t.co/uvOpNEzLUO
6,734182,0,the internet was a mistake (affectionate)
7,107312,1,Sunset over the Grand Canyon 🌄😍
8,549888,0,lmaooo im actually crying
9,117640,1,Water main break floods downtown streets 💦 https://t.co/Tt6D2MHzPb
10,576805,1,⚡⚡ $AVAX breakout confirmed ⚡⚡ https://t.co/CsTvD2CES8
11,758550,1,Can I get an amen? Have a blessed day everyone.
12,383629,0,the way I just audibly gasped
13,850918,0,"why is it so hard to find jeans that fit, im losing my mind"
14,675134,0,Lake day with the crew ☀️🛶
15,607798,0,Throwback to the best trip of my life 🌊 #tbt
16,946597,1,Champions League draw is out 🔥 Group of death?? https://t.co/yKFnqoqPux
17,212211,0,the new update moved every button I use 😑
18,595841,1,🎄 Ugly sweater collection is HERE https://t.co/8jMpkJ5gNZ
19,295469,0,"@nat_wilson same, my alarm didn't go off either"
20,463487,1,Don't sleep on this coin 👀 $ADA #Altcoin
21,343343,0,Cooking a big pot of rice and beans for the week. Trying to spend less on takeout.
22,631945,1,"Bestselling ergonomic office chair, now back in stock. Lumbar support and adjustable armrests."
23,926923,1,Never stop learning.
24,127337,1,🎂 Free dessert on your birthday when you join our rewards club! https://t.co/3rdKKDemRk
25,580954,0,no thoughts just vibes today
26,432390,1,One-pan lemon chicken 🍋🍗 dinner ready in 30 minutes https://t.co/eB75gB6jQ9
27,131479,1,Which movie made you cry the most? 🎬😢 https://t.co/4EQ3GL24P8
28,811404,1,🌀 Tropical storm watch issued for the Gulf Coast https://t.co/mmr8vrYc2c
29,138974,1,Discover the secret that top earners don't want you to know 🤫💰 https://t.co/F9quISCRio
30,267991,0,My first marathon medal 🏅 26.2 miles of pain and pride #marathon
31,688953,0,"@chris_vh nah you're thinking of the 2019 team, this one is way better"
32,391036,0,Pumpkin patch with the fam 🎃 #fallvibes
33,194223,0,"The amount of people who don't use their turn signal in this city is genuinely alarming. It's not a secret, you can tell us where you're going"
34,238448,1,"Monday mood: coffee first, conquer the world second ☕️👊 #MondayMotivation"
35,381356,0,I've been learning to drive at 29 and every time I get behind the wheel I feel like a teenager. It's humbling and a little embarrassing but my instructor reminds me that plenty of people learn late. Test is in two weeks.
36,387922,1,ATTENTION gamers 🎮 Free DLC weekend starts NOW. Download before Monday! https://t.co/nWXDEkD1ji
37,150095,1,"Massive pileup on the highway this morning, avoid the area if possible 🚧 https://t.co/VHA2ab8f1P"
38,344916,0,traffic was a nightmare today
39,558415,0,Got a library card for the new branch near my apartment.
40,725104,1,RT if you've ever fallen asleep during a movie at the theater 😴🎬
41,814899,0,ugh i shoudl be sleeping but here we are
42,187298,0,"my kid just said her first word!! it was ""dog"""
43,763755,0,"What's a book you think everyone should read at least once? Mine is this one, I reread it every few years https://t.co/gQWFC770Dd"
44,593693,0,late night grocery runs hit different
45,388689,0,"@MarcusT_Teaches congratulations on 20 years in the classroom! you changed a lot of lives, mine included"
46,233166,0,How long did it take you to feel settled after moving to a new city? I'm at 4 months and still feel like a visitor
47,460341,1,Just a reminder that Monday is a fresh start. ☀️
48,180001,1,⏰ 2 HOURS LEFT ⏰ Cyber week prices end soon! https://t.co/Kowl5j5vVw
49,635556,1,Snowstorm buries mountain towns under 3 feet of snow ❄️ https://t.co/moXWr9HV89
50,522978,0,Getting the car inspected tomorrow before the registration runs out.
51,200604,0,"Rainy Saturday. Made pancakes, watched a movie, folded laundry. That's about it."
52,105383,0,ngl that concert was lowkey the best night of my year
53,744296,1,🏐 Championship point... and they DID IT! 🏆 https://t.co/sLWjPyAltl
54,332454,0,"Quick poll: socks with sandals, yes or no?"
55,281416,0,I have no idea what I'm doing but I'm doing it
56,552441,1,Astronomers detect mysterious radio signal from deep space 📡 https://t.co/hsZCHAfR82
57,950576,0,finally saw the movie everyone's been talking about and tbh it was kinda overhyped
58,608641,1,"Stainless steel water bottle, keeps drinks cold for 24 hours. Free shipping on orders over $25."
59,835839,1,Back in stock and selling fast 🏃‍♀️ https://t.co/BAqBrrQEvj
60,593237,0,Took the recycling out and noticed the neighbors got a new mailbox. Looks nice.
61,107084,1,These 7 foods are secretly ruining your sleep 😴🍕 https://t.co/2TRFoozp1N
62,303633,1,I've watched this clip 50 times and it gets funnier 😂😂😂
63,598545,0,Day 30 of learning Spanish 🇪🇸 can finally order food without panicking #DuolingoStreak
64,469564,1,Your daily affirmation: I am capable of amazing things.
65,913533,0,@sam_delgado happy birthday!! hope it's a great one 🎉
66,301182,0,@jamal_hoops nah he's overrated and you know it
67,455069,0,@Lena_Park hahaha I knew you'd say that
68,786663,1,Tag someone who would love this 🎁 https://t.co/em2pO4Ip2f
69,788887,0,Spent an hour at the DMV renewing my license. Not too bad actually.
70,172922,0,Why do airports charge $9 for a bottle of water. Who decided this
71,975248,0,So grateful for this crew 🙏❤️ #friendsgiving
72,445071,1,Retweet to spread awareness 🎗️ Breast cancer can be beaten with early detection. #PinkOctober
73,162555,1,"Wow, amazing content. Followed you, hope you follow back."
74,700151,0,"@gina_runs you've got this, rooting for you on Sunday!"
75,596289,1,"Join our Discord for daily crypto calls 📞 1,000+ members and growing #CryptoCommunity https://t.co/a5ikiTdnqZ"
76,713064,1,📢 Petition: sign now to save our local park from development https://t.co/BJgKujiw1h
77,265775,0,Halloween decor going up this weekend 🕸️🎃 #spookyseason
78,446708,1,⚠️ WEATHER ALERT ⚠️ Heavy snow expected tonight across the Midwest. Travel not advised. https://t.co/OzefNoHqks
79,123595,1,Like if you agree 👍 Retweet if you strongly agree 🔁
80,604212,1,Stand with our troops 🇺🇸 RT to say thank you to every veteran
81,868723,1,Retweet if you're proud of your city 🏙️❤️
82,654767,1,JUST IN: Severe flooding closes major highways across the region 🌧️ https://t.co/u075qEO8Xb
83,890737,0,"@noah_plays same here, servers have been terrible all night"
84,655941,1,Reply with a 🙋 if you're up early today
85,632393,0,"absolutely not, hard pass"
86,884365,0,Fall baking has officially begun 🍎🥧 used this recipe and it came out perfect https://t.co/OWK4ExjhjN
87,823120,1,Boost your credit score by 100 points in 30 days. Free consultation.
88,552971,0,Our little guy turned one today 🎂💙
89,433484,1,😍😍 this view tho https://t.co/651EDz8D7l
90,393090,1,Monday motivation 💼 You didn't come this far to only come this far.
91,488569,1,Gas prices expected to fall ahead of holiday travel season ⛽ https://t.co/jIQmhzE1xo
92,664797,1,Insane 🤯 skater lands a 1080 for the first time ever
93,209150,1,Great read! Our team publishes weekly insights on leadership as well.
94,625311,0,mood: staring at my to-do list and doing none of it
95,261949,1,"NFT mint is LIVE 🖼️ Only 500 available, floor going up fast #NFT #Web3 https://t.co/xJCjJso2Jp"
96,975759,0,wait this is actually so good
97,812820,0,"Went to the store for milk. Came back with a lamp, two candles and no milk."
98,175102,1,⛳ HOLE IN ONE ⛳ on the 17th!! Crowd goes wild
99,251720,0,What's your favorite thing to cook when it's cold out? I need new ideas beyond soup and more soup.
100,105124,0,Finally fixed the squeaky door hinge. Now the house is too quiet and I hear every creak in the floor instead.
101,430675,0,me vs the 3pm slump: 0-1
102,783601,0,"@leah_k oh no, hope everything's ok"
103,489080,1,💯💯💯 https://t.co/tlwbUJA3uJ
104,375266,1,💍 She said YES!! Most creative proposal we've ever seen https://t.co/LPxH8uHsJT
105,425989,0,Tried to impress my date by parallel parking on the first try. Hit the curb. She still said yes to a second date so I'm calling it a win.
106,911306,1,JUST IN: Tech giant announces layoffs affecting 8% of global workforce. https://t.co/7HxA78JsmQ
107,786471,0,"My flight got delayed four times and then cancelled at 11pm. No hotel voucher, no apology, just a link to rebook for Thursday."
108,541230,0,currently hiding from my responsibilities
109,979072,0,"@mike_d_coach great game today, the kids played their hearts out"
110,863236,0,Wrapped my 30th trip around the sun 🎂 thank you all for the birthday wishes!
111,958231,1,KO in the first round 🥊💥 What a debut!! #UFC
112,290093,1,NOW AVAILABLE 🧥 The puffer jacket everyone's been asking about https://t.co/qbqYsNknQ6
113,904320,0,"For people who work night shifts, how do you handle sleep on your days off? I keep flipping back and forth and feel awful."
114,918228,0,tbh i just want a quiet weekend w no plans
115,556584,0,Is anyone else's town doing the leaf pickup late this year? Our whole street is buried and the city keeps pushing the date.
116,657236,0,Spent the evening sorting through old photos for my parents' anniversary slideshow.
117,186382,1,🕹️ Speedrunner breaks world record by 4 seconds https://t.co/HnPp73EUab
118,834207,0,Go Bulls!! What a comeback 🏀🔥 #BullsNation
119,705093,1,🥉 BRONZE! Proud moment for the whole country https://t.co/Plzis3ZSyf
120,402143,0,"I hate when restaurants only have QR code menus. My phone is at 3%, just give me a piece of paper"
121,540118,0,Picked up my sister from the airport this afternoon. Traffic was fine.
122,105179,1,Hurricane upgraded to Category 4 as it approaches the coast 🌀 https://t.co/E7mHLgY3Qr
123,868659,1,Lottery jackpot climbs to $900 million 🎟️ Feeling lucky? https://t.co/I8Kzx3E2oB
124,694805,0,"We had a power outage tonight and the whole family ended up playing cards by candlelight for three hours. No screens, no distractions, just a lot of laughing. The power came back on and honestly we were all a little disappointed."
125,121978,1,"Sports betting tip of the day 💰 Over 2.5 goals, trust the process #BettingTips https://t.co/tgRrAdViVJ"
126,633215,1,💥 PRICE DROP 💥 Robot vacuum now under $150 for 24 hours https://t.co/MrwJTKlwiH
127,975822,0,my bank account after this weekend 💀
128,271872,1,🐕 Dog adoption event this Saturday! RT to spread the word https://t.co/oiWSiXc01n
129,433950,1,Thanks for connecting! Let me know if you ever need marketing help.
130,593803,1,Agreed 100%. Check out our store for related products.
131,236318,0,yo who's tryna play pickup ball saturday
132,622010,0,pls stop putting cilantro in everything. some of us taste soap
133,443899,1,"Cozy knit sweaters, all sizes, perfect for fall. Order today and get free returns."
134,313627,0,my roomate keeps leaving the stove on and its gonna burn down the apt one day
135,587424,1,🚨 HUGE GIVEAWAY 🚨 $250 cash to 5 winners! Follow + RT + like. Winners announced in 48 hours 💸 https://t.co/5DRKZKOBqK
136,187246,1,Electric scooter sale ⚡🛴 up to $300 off this week https://t.co/Z0StWX3zn0
137,644545,0,fully ready for sweater weather now
138,986495,0,"@coach_brennan thanks for staying late with the team tonight, my son couldn't stop talking about it on the drive home"
139,763466,1,🍂 Fall candle collection now 40% off https://t.co/eHxUuEPt01
140,995441,1,🎉 It's giveaway time! Win a cozy throw blanket 🛋️ Like + follow to enter https://t.co/iIfMI1GpnS
141,320912,1,Daily meme dump is up 🤣 check our page
142,219810,1,🍦 Free ice cream cone today only at participating locations https://t.co/ZezDjXLDlC
143,654970,0,this is my roman empire apparently
144,227157,1,🎟️ Presale code just leaked 👀 Get your tickets before they sell out https://t.co/9ZZdNNegNf
145,925810,0,"Being a first generation college student means a lot of figuring things out alone. Nobody told me what office hours were for, or that you could email a professor for help. If you're in that position, ask the questions. Nobody is judging you as much as you think."
146,565871,1,Solid advice. More tips like this on my profile.
147,759323,1,Wildfire smoke triggers air quality alert across the region 😷 https://t.co/odWNbZWy1o
148,891728,1,🙈 I wasn't ready for that season finale
149,266330,1,Free trial: stream thousands of movies ad-free for 30 days 🍿 https://t.co/i7nNwZYgSf
150,292191,1,NASA releases stunning new images of Jupiter's moons 🪐🔭 Space never gets old
151,816187,0,Assembled a bookshelf without the instructions. Have three screws left over. It's holding books so far.
152,620605,1,Car prices are finally dropping 🚗 Here's where to find the best deals this fall https://t.co/NFtDNahTKQ
153,853439,0,Swapped the summer clothes for winter ones in the closet this afternoon.
154,898158,0,"@the_real_jtorres you're right, I worded that badly. my bad"
155,400856,1,Leg day is the best day 🦵🔥 Change my mind #GymTok https://t.co/O5ZDas8DPA
156,251579,1,Big things coming. Stay tuned.
157,992703,1,Weekend reading 📚 Our top 5 picks for October https://t.co/F6GU0ccEM3
158,210091,1,🌕🚀 $SHIB army where you at?? https://t.co/cheK1jxUKD
159,529925,0,"Lost my job in March and I've been trying to be honest about how hard it's been. Some days I apply to ten places, some days I can't get off the couch. If you're in the same spot, you're not lazy and you're not alone. It's a hard season, not a permanent one."
160,414325,0,"@dan_ortiz22 congrats man, well deserved. drinks on me next time"
161,588159,0,"My son asked why the sky is blue, so I explained light scattering for five minutes. He nodded and said ""ok but why is it blue."" Back to the drawing board."
162,866255,1,Unemployment falls to lowest level in two years 📉 #Jobs https://t.co/6Bcj7w9qmn
163,474538,1,Happy Friday!! 🎉🍻 Any fun plans this weekend?
164,625709,1,Crypto presale ending SOON ⏳ Get in early before listing!! https://t.co/Ay6mh5T5xT
165,929996,0,@ivy_greene lol I was literally about to tweet the exact same thing
166,621277,0,"finally slept 8 hours, feel like a new person"
167,414075,1,DONE DEAL ✅ Veteran pitcher signs one-year extension #MLB https://t.co/ExeNlBNIJm
168,992789,0,"Ordered a new keyboard, should come Thursday"
169,415672,0,Working late tonight to finish the quarterly report. Ordered Thai food.
170,528303,1,💥 Game-changer: this app tracks all your subscriptions https://t.co/owhpqzSKcZ
171,201440,0,sore from yesterday's leg day 😩
172,893920,1,Breaking 🚨 Star quarterback suffers season-ending injury https://t.co/qgH3qcAujW
173,461665,1,Hat trick!!! ⚽⚽⚽ What a night for the young forward
174,191663,0,who approved this font
175,176832,1,These childhood snacks are coming back and we're SO ready 🍭 https://t.co/NV4UVWWQeQ
176,308851,0,finna sleep for 12 hours this weekend dont call me
177,847924,1,Viral recipe actually works?! We tested it 🍝 https://t.co/CkgjGp0sVL
178,175139,0,"I'm a nurse and I've worked every holiday for six years straight. This year I finally got Christmas off. I don't even know what to do with myself. Probably sleep, then eat too much, then cry a little at how nice it is."
179,843797,0,"There's a woman at my bus stop who says good morning to every single person, every single day. Most people don't answer. She keeps doing it anyway. I've been thinking a lot about that kind of quiet persistence."
180,874451,1,Huge news for students 🎓 loan forgiveness applications reopen https://t.co/JvOIDbOfd6
181,226267,1,Don't wait for opportunity. Create it. 🔑 #Success #Motivation
182,114999,0,Look at this little guy we found in the garden 🐸🌿
183,903576,1,Happy Monday everyone! Let's crush this week 💥
184,663374,0,Our building is getting new elevators so it's stairs for the next two weeks.
185,375947,0,Can anyone recommend a decent laptop for college that won't die in two years? Budget is around $700
186,759961,0,"Painting the spare bedroom this weekend. Went with this light green, wish me luck https://t.co/TVUKoMgYBY"
187,827904,0,the audacity of this squirrel
188,841228,0,Has anyone switched from iPhone to Android recently? What do you miss?
189,598627,1,Happy hump day 🐪 Halfway there!
190,558061,0,Do people still send holiday cards? Trying to decide if it's worth the stamps this year
191,681701,1,🐉 New season of the fantasy hit gets release date! https://t.co/0HqX8HIofn
192,982892,1,Champion boxer defends title in split decision 🥊🏆 https://t.co/8lVSrTNt9B
193,577040,1,📈 This penny stock went up 400% last month. Here's the next one we're watching https://t.co/vZOEHAiKvN
194,676804,0,it's giving main character energy
195,764693,1,Like + RT for a chance to win a signed jersey 🏒 #NHL #Giveaway https://t.co/9VE8d6udfn
196,736369,0,weekend went by way too fast
197,539876,0,"@deshawn_t it was good seeing you yesterday man, let's not wait so long next time"
198,803114,1,"Hiring now! Work from home customer support positions, $22/hour, start this week."
199,529620,0,srsly who leaves one square of toilet paper on the roll
200,995013,0,First time making homemade pasta 🍝 it's not pretty but it's delicious #homecooking
201,577551,0,Hospital billing makes zero sense. Got charged $40 for a box of tissues and they won't explain it
202,839022,0,this lil coffee shop is my new fav spot
203,580678,1,"Want to make $5k a month online? Reply ""ME"" 💸"
204,479464,1,Nobody: ... Me at 3am: 🍕🍕🍕 https://t.co/iMaKZVs8Sz
205,452177,0,this is the best news I've heard all week
206,230868,0,"I took a pottery class on a whim this year and it's the first thing in a long time I'm genuinely bad at and still enjoy. No pressure, no goals, just clay and a wheel and an hour where my brain is quiet. Adults need more spaces where it's okay to be a beginner."
207,507394,1,10 photos that prove cats are secretly running the world 🐈 https://t.co/0HX5Yd5fV0
208,980557,1,SIGNED ✍️ Club announces deal for top young midfielder #TransferWindow https://t.co/RQPC1dzgia
209,104697,1,😆 the plot twist at the end of tonight's episode
210,992934,1,"Freelance writers wanted. Flexible hours, paid per article. Apply on our website."
211,557867,1,Market update 📉 S&P 500 slips 1.2% as tech shares tumble. #Stocks #Investing https://t.co/sBGyGVjIkH
212,942666,1,🥳 It's our 5th anniversary! 25% off everything to celebrate https://t.co/acHRXidonb
213,782468,0,this game is giving me heart problems
214,627300,1,Affordable car insurance quotes in under 2 minutes. Compare rates and save today.
215,373291,0,Someone actually read the terms and conditions for every app on their phone and wrote it all up. Horrifying https://t.co/qEFZYI4Zt4
216,403580,1,Big thanks to all our new followers this week. Lots more coming soon.
217,914454,0,Does anybody else feel like weekends have gotten shorter since college or is that just being an adult
218,779971,0,I used to think being an adult meant having things figured out. Now I think it mostly means making decisions with incomplete information and being kind to yourself when some of them don't work out.
219,506523,0,"@sam_and_sadie we went last year and loved it, definitely get there early for parking"
220,222497,0,Repotted the snake plant. It's been in the same pot for three years so it was overdue.
221,392905,1,"BREAKING 🔴 Massive power outage leaves 200,000 without electricity https://t.co/w4hYn0ZtGQ"
222,907727,0,I'm screaming at this 😭
223,382180,0,lol i definately didnt sleep through my alarm today
224,267580,0,new phone who dis. jk I just lost my old one
225,913252,1,"Say goodbye to tangled cables 🔌 Magnetic organizer clips, 10-pack https://t.co/UqlKFe49s2"
226,968082,0,Genuine question: how do people afford to have hobbies these days? Everything I look at costs a fortune just to get started.
227,113232,1,JUST IN ⚖️ Jury reaches verdict in high-profile fraud trial https://t.co/rIgUKbEeDe
228,296660,0,just saw the cutest dog at the park
229,736553,0,lowkey wanna quit my job and open a bakery
230,544513,1,Housing starts surge to highest level since spring 🏗️ #Economy https://t.co/Ksw0TTZIGu
231,299510,0,@kate_bennett exactly what I was going to say
232,783572,1,🏉 Last-minute try seals a dramatic comeback win! https://t.co/vBkzrIMOCz
233,465144,0,"@mom_of3boys hahah the struggle is real, mine did the same thing"
234,875423,0,New haircut who this 💇‍♀️✨
235,497045,0,officially a homeowner!!! 🏡🔑
236,123290,1,"Gamers, what's your all-time favorite console? 🎮 Vote below!"
237,805444,1,"Earn passive income with our proven trading signals. Join 5,000+ members today. Link in bio."
238,571592,1,Only 3 left in stock!! 🔥 Grab yours before they're gone https://t.co/hpQtmwn9Wj
239,818189,1,"When life gives you lemons, make lemonade 🍋 #MotivationalQuotes"
240,333908,1,Sports legend announces retirement after 20 seasons 😢 https://t.co/hQUy0Ycod6
241,666121,1,Researchers find link between sleep and memory in new study 😴🧠 https://t.co/f9uaiTZG1I
242,896227,1,"Breaking: Federal Reserve holds interest rates steady, signals possible cut in December 🏦 https://t.co/FkfsSIaT0o"
243,883667,0,how do yall stay motivated to cook after work. genuinely asking
244,187192,0,I don't understand why grocery stores keep moving everything around. I finally learned where the peanut butter was and now it's in the cereal aisle.
245,881150,1,"Apply now: remote data entry jobs, flexible hours, weekly pay. No experience required."
246,877474,0,The parking situation on campus is a joke. Paid $300 for a permit and I still park a mile away
247,573830,0,rewatching season 1 for the fourth time
248,585862,0,mom said i cant have a dog so i got a fish. his name is kevin
249,780554,1,NEW 🔥 Limited colorway sneakers drop Saturday. Set your alarms ⏰ https://t.co/5dvGxYoZVw
250,138700,1,⚠️ Boil water advisory issued for parts of the city https://t.co/dAg6Dq4SbP
251,711691,0,I'm tired of every single product being a subscription now. My printer wants a monthly fee for ink. My CAR wants a subscription for heated seats.
252,967819,0,"My dad never said ""I love you"" much when I was growing up. He said it by waking up at 5 to warm up the car, by driving three hours to help me move, by calling just to ask if my tires had enough air. I understand that language now in a way I couldn't at 18."
253,448377,1,Your only limit is your mind 🧠💯 #Mindset
254,508187,1,JUST IN: Popular social media app down for millions of users worldwide https://t.co/HOrITAeoOk
255,241479,1,Great post! Check out my page for more content like this.
256,207435,0,"Some of my best ideas have come from being bored. No phone, no podcast, just standing in line or sitting on a train with nothing to do. I think we've accidentally engineered boredom out of our lives and lost something useful in the process."
257,128235,1,Funniest wedding moments caught on camera 🤵👰😂 https://t.co/CA1B0MG8qV
258,399371,1,Must-have kitchen gadgets under $20 🔪🥄 https://t.co/8Yhabc72Q5
259,749330,1,"🏆 MVP performance tonight. 42 points, 12 rebounds, 9 assists"
260,646528,1,Breaking 🎓 University announces free tuition for families under $100K income https://t.co/wu8lMuMM7e
261,884942,0,"@oldmanfred76 respectfully, no"
262,678998,0,its giving fall and i am HERE for it
263,142955,1,Every champion was once a contender who refused to give up 🥊
264,829799,1,Gold hits fresh all-time high as investors seek safety 🪙 https://t.co/FEXZIm2Kpp
265,564216,1,JUST DROPPED 👟 Retro runners now in 4 new colorways https://t.co/KO7oQ6WlfM
266,469994,0,my toddler is narrating everything she does today and honestly it's very soothing
267,749565,0,Spent two hours on hold with the insurance company only to be told I need to call a different department that closes at 4. It was 4:02.
268,118226,1,🐧 Penguin chicks waddle out for the first time https://t.co/YVCzI9CxEh
269,962871,1,What are your top 10 anime of the decade? Drop your list below 📺👇
270,150720,0,Anyone know if the farmers market downtown is still open on Sundays this late in the year?
271,252252,1,"Compact folding treadmill, fits under the bed. Quiet motor, LED display."
272,857074,1,Professional resume writing service. Get hired faster with an ATS-friendly resume.
273,348345,1,"Your skin will thank you 🌿 100% natural face serum, now in travel size https://t.co/GFuzZbiCDE"
274,467653,1,Thoughts on the new logo? 🤔
275,109243,0,@tylerj_88 did you ever figure out the issue with your car?
276,592202,0,"@the_plant_guy my monstera has yellow leaves, any idea why?"
277,915209,0,Our local animal shelter is at full capacity and waiving adoption fees this weekend. Please share https://t.co/C8NlbVV8L1
278,556050,1,Ultimate travel hack ✈️ How to fly business class for the price of economy https://t.co/0HSciGVcR6
279,762922,1,"Success doesn't come from what you do occasionally, it comes from what you do consistently."
280,512870,0,so proud of her I could cry 🥹
281,192294,1,Space agency confirms launch date for crewed lunar mission 🌕 https://t.co/dN1DoqRy5R
282,740350,1,"If you like this, you'll love what we're sharing on our page. Follow for daily tips."
283,377115,1,Dermatologists recommend this $12 moisturizer over luxury brands 🧴 https://t.co/Zkl8KvkKcQ
284,876385,1,"NEW EPISODE 🎙️ We talk side hustles, burnout, and building a business from zero. Listen now https://t.co/FFPHAPbTJN"
285,130270,1,🎄 Holiday pre-sale starts NOW. Beat the rush and save big! https://t.co/Z9MLJHv3QV
286,102576,1,"This is the best deal you'll see all year 🤑 Link in bio, hurry!"
287,558741,1,Shocking footage shows massive sinkhole swallowing parked cars 😳 https://t.co/uQsMsRaoIK
288,380229,1,Your vibe attracts your tribe 🌸✨ #PositiveVibes #SelfLove
289,421319,0,The view from our cabin this morning 🏔️☕ #mountainlife
290,430561,0,"There's a particular kind of peace in being the first one awake in a house full of people you love. Coffee brewing, the sky going pink, everyone still asleep. I don't get it often, but when I do I try to just sit in it."
291,132631,0,"My niece's soccer game this morning, then errands."
292,703495,0,never been this tired in my life
293,864096,1,"Try our new AI writing assistant. Write emails, essays, and posts in seconds. Free trial available."
294,768628,1,Unique handmade jewelry for every occasion. Use code WELCOME10 for 10% off your first order.
295,894608,0,ok I'm officially obsessed with this band
296,442723,1,Never give up on a dream just because of the time it will take to accomplish it.
297,814392,0,For the teachers out there: how do you keep a class of 30 seventh graders engaged after lunch? Asking for my sanity.
298,509640,0,"bro said ""trust me"" and i should not have trusted him"
299,552104,0,Walking the dog then heading to my cousin's for dinner
300,723647,0,got the job!!!! starting in two weeks
301,315730,1,ESPORTS 🎮🏆 Underdog squad wins the world championship in a 5-game thriller! https://t.co/TxdV4zRkXr
302,301271,0,that halftime show was something else
303,213946,0,first time hosting thanksgiving this year and im already stressed lol send help and recipes
304,360654,0,Planted tulip bulbs along the front walk for spring.
305,516754,0,that sunset tonight though 🌅
306,931911,1,$MATIC holders are going to be very happy soon 😏🚀 https://t.co/VNTfHLhlyf
307,659487,0,Updated my phone and now all my apps look different
308,505940,1,The underdog story of the year 🐶🏆 https://t.co/k1K3JXoWvr
309,689413,1,You deserve better. Upgrade your mattress today and sleep like royalty 👑 https://t.co/Qjo9g2nd4b
310,590539,0,my brain is mush after that exam
311,621570,0,Trying a new route to work tomorrow since they're repaving the main road.
312,408341,1,"Simple, effective, affordable. Try our meal prep containers and save time every week."
313,971083,0,tacos tonight. non negotiable
314,141492,1,🌍 Travel deal alert: round-trip flights to Bali from $399! Book before Sunday ✈️🏝️ https://t.co/tVUXrpplah
315,498089,0,my plants are thriving and so am I
316,327584,0,"Accidentally replied-all to the entire company with ""lol."" Changing my name and moving to the mountains."
317,443956,1,Protect your privacy online 🔐 Get 3 months FREE with our VPN today https://t.co/z83Pap4tJ2
318,968438,1,Hidden beaches you need to visit before you die 🏖️ https://t.co/CPMOrwt3oU
319,237720,1,Click the link in our bio to claim your free sample today.
320,219604,0,"The best manager I ever had used to say ""tell me the problem, not the solution you think I want."" It took me years to realize how rare it is for someone in charge to actually want bad news early. I try to be that for my team now."
321,579966,1,Tickets selling FAST 🔥 for the comedy tour https://t.co/Lby8GgFFgi
322,168028,1,Kitchen hack you NEED to try 🍳 https://t.co/Fgsjc9mkjE
323,749430,0,huge congrats to everyone who graduated today!! #classof2026
324,700283,1,Limited time offer on all our protein powders. Use code FIT20 at checkout.
325,579731,1,⚡ DOORBUSTER ⚡ Air fryers from $39 while supplies last https://t.co/EP6v60KJyC
326,921731,1,"Rain or shine, keep going. Never give up on your goals."
327,589209,1,✨✨✨ good morning beautiful people
328,457809,1,Get paid to test apps from home! Sign up free today.
329,979670,0,What's the best advice you got when starting your first real job?
330,207847,0,Recommendations for a podcast to listen to on a 6 hour drive?
331,715999,1,Want glowing reviews for your business? We provide real customer engagement services.
332,895451,0,"Unpopular opinion: hobbies don't need to be productive. I knit badly, I garden with mixed results, and I play piano for nobody. None of it will ever make money and that's exactly why I love it."
333,636309,1,🏝️ All-inclusive resort deals from $599 per person https://t.co/TlUVJWkXO3
334,787769,1,"🚨 FLASH GIVEAWAY 🚨 Win a $200 shopping gift card! Follow + RT, ends tonight 🛒 https://t.co/0aX7291SMJ"
335,382837,0,Bought new curtains for the living room.
336,473239,0,our hoa sent a warning letter because my trash can was visible from the street for 6 hours. get a hobby
337,537167,0,"If one more person tells me to ""just get a better job"" when I complain about rent, I'm going to scream. The better jobs also want five years of experience and a master's degree."
338,845140,0,"If you could live in any decade, which one and why?"
339,902756,0,Made chili for the week. Going to try to actually eat lunch at a table this time.
340,131809,1,"Handmade soy candles, lavender and vanilla scent. 40-hour burn time. Shop the collection today."
341,205329,1,New blog post: 7 ways to boost your productivity while working from home.
342,660327,1,💎🙌 HODL 💎🙌 #DOGE https://t.co/2jRI7nH2Nt
343,171310,1,Want more followers? We grow your account organically. DM us for packages starting at $9.99 📈
344,333651,1,"🐳 Whale alert: 10,000 $ETH moved to unknown wallet https://t.co/1oQBqdoJjJ"
345,648159,0,Can someone recommend a beginner-friendly sewing machine? I want to start hemming my own pants
346,468781,0,"Public libraries might be the last place in a lot of towns where you can just exist without being expected to buy something. Warmth, wifi, books, a quiet chair. Fund them, use them, defend them. #LibrariesMatter"
347,583667,0,"Good explainer on how property taxes are calculated here, wish I'd read it before buying https://t.co/W3XHgm3k1Z"
348,861157,1,"Positive mind, positive vibes, positive life ☀️ #GoodMorning"
349,917783,0,"Our community garden is looking for volunteers this fall, all ages welcome. Info here https://t.co/V0PKka5gxW"
350,966410,1,"Daily deals on electronics, home goods, and more. Updated every morning."
351,701255,1,Believe. Achieve. Repeat.
352,330446,1,OVERTIME THRILLER 🏀🔥 Final score 128-126
353,835118,1,NEW ARRIVAL: minimalist leather wallets in 5 colors 👜 Perfect gift idea! #ShopSmall https://t.co/5IMw9UswKG
354,654954,1,Excellent thread. Sharing with my followers.
355,505231,1,📺 Season finale tonight at 9! Who's watching?? #TVTime https://t.co/KQe7Hhbfam
356,819837,1,🔥🔥 the crowd at last night's show was ELECTRIC
357,714305,0,Monday really said hold my beer
358,816359,1,"Smile, it's contagious 😊"
359,688056,1,State announces new funding for rural broadband expansion 📶 https://t.co/WSl1IsjSGR
360,376277,1,Daily crypto tip: never invest more than you can afford to lose. Follow for more insights.
361,186507,0,Why do I feel guilty taking PTO that I literally earned?
362,448128,0,Tried this trick for keeping avocados from going brown and it actually worked?? https://t.co/qEfUzBaaJ5
363,893819,0,@prof_alvarez is the midterm still on Thursday or did it move?
364,587336,0,@mariah_k omg yes!! save me a seat
365,514872,0,low key proud of myself for going to the gym 3x this week
366,640137,1,"🎓 Get certified in data science in 12 weeks, 100% online https://t.co/OhoCkaOLKd"
367,834620,1,"🎁 WIN a brand new gaming console! Follow us, like this post and retweet. Winner picked Friday 🎮 #Giveaway https://t.co/GY7rVRPgbx"
368,864009,1,Heartwarming 💕 Grandma celebrates 100th birthday with 5 generations of family https://t.co/fpUEoclhHz
369,674578,1,"Wireless charging pad, compatible with all major phones. Sleek design, fast charging. Order now."
370,553232,0,"@jesswrites honestly same, I gave up on it halfway"
371,625456,1,Inflation report comes in hotter than expected 🔥📉 #Markets https://t.co/0i9metR286
372,676953,0,"The best decision I made this year was deleting social apps from my phone for a month. I read four books, called my grandparents every weekend, and noticed my anxiety dropped a lot. I'm back now but trying to keep it limited."
373,813065,0,Studying for my stats midterm at the kitchen table tonight #studygram
374,624885,0,"Those of you who changed careers in your 30s, was it worth it? Thinking about leaving accounting for teaching"
375,566574,1,🔥 Trending now: the 5 most-watched videos this week https://t.co/aJGyxTMlh4
376,163413,1,Dogecoin to $1?? 🐕🚀 Experts weigh in https://t.co/4AfGVtMAui
377,864561,1,Meet the toaster that does it all 🍞✨ https://t.co/0JLFCD14IP
378,882415,1,"Premium yoga mat, non-slip, eco-friendly material. Available in 8 colors."
379,188885,1,Monday again?? 😩 Like if you're not ready
380,613988,1,Retweet if your dad is your hero 💙
381,461236,1,🛍️ Coupon code SAVE30 works on EVERYTHING today. Hurry!! https://t.co/1ojPIlNYkv
382,982115,0,Cleaned the gutters today. Dad supervised from a lawn chair.
383,181086,1,Scientists say new battery tech could charge EVs in 10 minutes 🔋⚡ https://t.co/Q6W97lzYAe
384,818938,0,bro my upstairs neighbors are moving furniture at midnight again i cant do this
385,370377,1,Proof that dogs are the best co-workers 🐕💼 https://t.co/POIujecpeh
386,721228,1,Valuable insights. Check out our latest offers on the website.
387,822139,1,"📈 Gold, silver, copper all rally on weak dollar https://t.co/NnQqHZq0yF"
388,853895,0,Back in my hometown for the holidays 🏠❄️
389,914910,1,THIS. 👏👏👏 https://t.co/lQ7goJDfQu
390,862683,1,Official trailer just dropped 🎬🍿 Thoughts?? https://t.co/fICBuFxPIR
391,196082,1,Can't make this up 😂😂 the replies are gold
392,232586,1,Lightweight travel backpack with USB charging port. Fits 15-inch laptops.
393,218304,0,the self-scan at the library has been broken for two months and nobody seems to care
394,832417,0,"Coaching youth basketball this year has humbled me. Half of my job is teaching the game, the other half is reminding ten-year-olds that missing a shot doesn't make them bad at basketball, it makes them someone who took a shot. #coachlife"
395,763230,0,Why is every new show getting cancelled after one season right when it gets good? I'm not starting anything new until it's renewed
396,444735,1,New study: coffee drinkers may live longer ☕ https://t.co/DgnEfRhOy5
397,258691,1,"Push yourself, because no one else is going to do it for you. 💪"
398,385419,0,Voted early this morning! Lines weren't bad at all 🗳️ #vote
399,615496,1,Top 10 hidden gems in Europe 🏰 #Travel https://t.co/po7uuCMhbA
400,628144,0,Laptop is updating so I'm sitting here drinking tea.
401,945720,0,"@sarah_hall no worries at all, take your time"
402,415632,0,"@ben_k_writes this is such a good point, never thought about it that way"
403,431694,1,"Thanks for sharing. We post similar content every day, give us a follow!"
404,283440,0,Coffee and journaling before the chaos ☕📓 #morningroutine
405,870639,0,"Our school is collecting winter coats for families in need, here's the drop-off info https://t.co/MMPuQBISd5"
406,597257,0,Does anybody have experience with standing desks? Did it actually help your back or did you end up sitting anyway?
407,724284,0,"My sister is running a 5K for the children's hospital, any amount helps https://t.co/Prk2TBkHKZ"
408,235604,0,What are people using for budgeting these days? Spreadsheet guy here but I'm open to change
409,795761,1,Cricket fans 🏏 Captain smashes century to seal the series
410,277554,0,Fresh snow and an empty trail this morning ❄️ pure peace #hiking
411,499577,1,Unbelievable: rescue team pulls hiker to safety after 3 days on mountain ⛰️ https://t.co/NP9b8T7pk2
412,922150,1,📊 Crypto fear and greed index flips to GREED. You know what that means 👀 https://t.co/45WrNm6URY
413,771303,1,This is huge news for the gaming world 🕹️ Next-gen console price officially revealed https://t.co/uJULqx4nbh
414,456462,0,Parents: at what age did you let your kids walk to school alone?
415,343314,0,"I used to measure a good day by how much I got done. Lately I've been measuring it by whether I laughed, ate something good, and talked to someone I care about. Turns out most of my days are better than I thought."
416,731293,0,"what's a good show to watch while folding laundry, something I don't have to pay full attention to"
417,764419,0,well that escalated quickly
418,406261,0,"@thebookishowl I've been meaning to read that one, is it worth it?"
419,424157,0,idk who needs to hear this but drink some water and go to bed
420,669216,1,This cat has zero chill 😂🐈 Tag a cat owner
421,669673,0,deadass the best tacos ive ever had
422,655211,1,RECORD BROKEN 🏃‍♂️ New world record in the women's 400m hurdles! History!! #Athletics
423,519195,1,Thank you for sharing this valuable information.
424,116788,1,🌎 Climate summit ends with new emissions pledge https://t.co/1Uk5tgMz9c
425,645659,0,yall ever just stare at the wall for 10 min
426,644499,0,the vibes at this coffee shop r immaculate
427,239526,0,Doing taxes for my small business this weekend. Lots of receipts to sort.
428,521455,0,Finally got around to watching that documentary everyone recommended about the deep ocean and I can't stop thinking about how little of our own planet we've actually explored.
429,729200,1,Hydrate. Meditate. Elevate. 🌿
430,228393,1,Tag 3 friends and you could WIN a weekend spa trip 🧖‍♀️💆 https://t.co/7fW5IpJwKc
431,610201,0,no one tell my boss I'm tweeting from the meeting
432,964249,0,"the moon looks unreal tonight, go outside"
433,746001,1,Discipline will take you places motivation can't.
434,396637,0,Do you guys make your bed every morning? Trying to figure out if it's worth the effort
435,490242,1,❄️ FREEZE WARNING ❄️ Bring pets and plants inside tonight https://t.co/UgMMyriySs
436,531912,0,yikes. that's all I'll say
437,778159,0,this rain needs to chill
438,668918,1,Breaking: Supreme Court to hear major case on online privacy ⚖️ https://t.co/beoTlN1O7r
439,310240,0,Our city spent millions on a new stadium and the potholes on my street have been there since 2019. Read the budget yourself https://t.co/59HIPtXFD2
440,376082,1,Breaking: Major bank reports data breach affecting millions of customers 🔓 https://t.co/92LBpWd3Df
441,549583,1,Our handcrafted leather boots are built to last a lifetime. Free resoling for 2 years.
442,786228,0,the group chat is on fire rn
443,467854,0,he's so real for this
444,905648,1,"Rest if you must, but don't quit."
445,237466,0,Anyone know a decent place to get a haircut downtown that won't charge $70?
446,312544,1,Cheap flights 🚨 NYC to London for $289 round trip https://t.co/e6p4sjtfbM
447,671171,1,"Well said. I cover similar topics daily, would appreciate a follow."
448,724354,1,ALERT 🚨 Phishing scam targeting bank customers via text. Do NOT click unknown links! https://t.co/snEmA4jDDr
449,334925,1,"Forex signals with 90% accuracy 📊 Join our VIP group now, limited spots! #Forex https://t.co/SnIw6eL0Ck"
450,548223,0,"Something I've been thinking about lately: the people who helped me most in my career were rarely the ones with the fanciest titles. It was the receptionist who told me which managers were kind, the senior engineer who answered my dumb questions without sighing. Be that person."
451,752323,0,"Started a new notebook for work today, trying to keep my to-do lists in one place for once."
452,220745,1,"JUST IN: Two passenger trains collide outside major station, injuries reported 🚨 https://t.co/bc9al7UQjZ"
453,191464,1,"3-ingredient banana pancakes 🥞 Easy, healthy, delicious! https://t.co/LTlXGVjDSw"
454,735094,1,Crazy stat 📈 This team hasn't lost at home in 2 years
455,186741,1,🛒 Restock alert: the viral water bottle is BACK https://t.co/mWkTJb8vWg
456,790575,0,Sunday brunch with my favorite people 🥂🥞 #SundayFunday
457,872064,1,Hot take 🔥 the sequel was better than the original. Fight me
458,540635,1,⚾ WALK-OFF GRAND SLAM ⚾ Bottom of the 9th!!!
459,700820,1,No days off 🏋️‍♂️ Sunday session done #BeastMode
460,592470,1,Royal family announces surprise engagement 👑💍 https://t.co/Q6pTbxqpG8
461,101369,1,Sushi lovers 🍣 this all-you-can-eat spot just opened downtown https://t.co/UKcH2QwZTz
462,710673,1,Wow just wow 😮 speechless right now
463,806388,1,Wait for it... 😂😂 the ending is everything
464,142771,0,ngl i kinda miss highschool sometimes. not the homework tho
465,935047,0,Cleaned out the fridge today. Found some old takeout. Threw it away.
466,838218,1,🎤 Who's the GOAT of hip hop? Wrong answers only 😂
467,410521,1,🔔 Turn on notifications so you never miss a drop 🔔 #Sneakers #SNKRS https://t.co/qs36Unmw26
468,540653,0,Tried this chili recipe after you all said mine was bland. Huge improvement https://t.co/fXpMU7PNjt
469,323186,0,this made my whole day honestly
470,446196,1,"🌡️ Heat advisory issued for this weekend, temperatures could reach 105°F https://t.co/V6DIEi9YNK"
471,901261,1,Nice! Feel free to check out my latest article on digital marketing trends.
472,509985,1,Introducing our new fall menu 🎃☕ Pumpkin everything is BACK! https://t.co/LoHL9s7tPi
473,135797,1,LMAO the dad dance at the end of every wedding 🤣🕺
474,184190,0,Should I get the flu shot and covid booster on the same day or split them up?
475,115812,0,Watching the rain from the porch with some tea
476,838556,1,Mortgage rates dip for third week in a row 🏠📉 https://t.co/1P5sULFbS1
477,779216,1,Pop star cancels remaining tour dates citing health concerns 🎤😔 https://t.co/EdsBKVvGIz
478,593154,0,Is it weird to bring a book to a bar if I'm just waiting for a friend?
479,671950,1,Here we go again 🙄 another release delay announced
480,912121,1,Tornado warning issued for several counties 🌪️ Take shelter now https://t.co/eVEKrYYXY7
481,711180,1,City announces free public transit on weekends starting next month 🚌 https://t.co/Kntf0vuDLk
482,453575,0,Is it worth paying extra for the window seat on a 2 hour flight or am I being dramatic?
483,893719,0,Got the oil changed and groceries done before noon. Laundry next. #adulting
484,465001,1,Like this if you're having a good day 😄
485,371918,1,"Volcano erupts on remote island, flights diverted 🌋 https://t.co/lvqqqkl3YN"
486,646000,0,Took the long way home through the park
487,860963,1,"Thank you all for the support! New content every week, stay tuned."
488,488022,0,The fact that I have to pay to park at the hospital where my mom is getting chemo is honestly insane to me
489,881276,1,Thank you for the follow! Looking forward to connecting with you.
490,147182,1,Developing story: Bridge closed indefinitely after inspectors find structural cracks 🌉 https://t.co/Es3cd67oIO
491,654943,1,"Waterproof hiking boots, lightweight and durable. Ships in 2 days."
492,698447,1,"Interesting perspective. I write about personal finance too, would love your thoughts on my latest post."
493,699161,1,Top story: Heavy rainfall triggers flash floods across southern regions 🌊 https://t.co/gwOjPd3naX
494,559951,1,Wildlife officials spot rare white bison calf 🦬 https://t.co/Ly9cGVmcdp
495,616862,0,Every single website now has a chatbot popping up in the corner asking if I need help. I do not. I need you to let me read the page in peace.
496,671695,1,Follow back guaranteed. Let's grow together.
497,562039,0,@annaleefit how do you stay so consistent? genuinely asking
498,361224,0,@kimchi_queen LMAO stop
499,411751,1,"Brilliant thread, bookmarked. I share similar content on my blog."
500,137301,1,"Morning motivation: ""Fall seven times, stand up eight."" 🌅"
501,300659,0,Mowing the lawn for probably the last time this year #fallcleanup
502,874222,0,tht moment when u realize its only wednesday
503,614355,0,Working from the coffee shop on the corner today
504,952796,0,not me forgetting my own password again
505,805417,0,Rescue pup's first day home 🐕 she's already claimed the couch
506,441165,0,The refs in that game should be investigated. That is all. #RefWatch
507,922248,0,Pumpkin carving night with the kids 🎃🔪 the results are... creative
508,965781,0,Wish more restaurants listed prices on their online menus. Don't make me guess if this burger is $14 or $28
509,733121,0,Found this thread on the history of our town's old train station and fell down a rabbit hole for an hour https://t.co/JlV5mixKF4
510,220019,0,how many tabs do you all have open right now. I have 47 and I'm scared to close any of them
511,125824,1,🥇 GOLD MEDAL 🥇 What a performance under pressure! https://t.co/lkdAp2Z5Gc
512,230713,1,Quality used cars at unbeatable prices. Financing available for all credit types.
513,350262,1,Drop a 🔥 if you're grinding this weekend
514,448745,1,🌙 Full moon in Aries tonight. Time to release what no longer serves you ✨ #FullMoon
515,198969,0,"Okay real talk, how do you make friends as an adult when you work from home, don't drink, and your hobbies are reading and long walks?"
516,264930,1,Our bestselling weighted blanket is finally back in stock 😌 https://t.co/LMG3EKWCjr
517,295962,1,Very informative post. You might enjoy my thread on investing basics too.
518,883812,1,🎮 Free game alert: grab it before Thursday! https://t.co/9GoEKuXM9O
519,218928,0,@aunt_marie ha! I remember that day too
520,175778,1,🐶 This pup's reaction to snow for the first time 😂❄️ https://t.co/OFTssSgIqo
521,739509,1,Award-winning documentary now streaming 🎥 https://t.co/HObXu1QWzZ
522,916570,0,"@Hannah_Rose I'd be down for that, just tell me when"
523,352467,1,Our new memory foam pillow is here 😴 Sleep better tonight or your money back! https://t.co/yT7Kympjgn
524,924928,1,Experts warn of rising rent prices in major cities 🏢 https://t.co/1nAT1lztDf
525,751742,0,Told my students the test would be easy. One of them asked if that was a trick. Smart kid.
526,487097,0,"Sunday plans are reading on the couch, finally starting this one https://t.co/vIsC2RJbSw"
527,929596,0,Little library in our neighborhood just got restocked 📚💛
528,606320,0,"I need a nap and a vacation, in that order"
529,628944,0,@sofia_eats that's my favorite spot too!! the dumplings are unreal
530,770550,1,🎾 UPSET ALERT 🎾 Qualifier knocks out the world No. 2 in straight sets! https://t.co/dLndkK5Q0t
531,441345,0,Took my grandma to her doctor's appointment this morning. Everything looked good.
532,706620,1,Wedding season 💐 Find the perfect guest dress under $50 https://t.co/9TznOMD9nA
533,538841,0,teh wifi at my job is so slow i could cry
534,435078,0,Drove out to my parents' place for the weekend. Dad wants help fixing the fence tomorrow.
535,884984,1,🐐🐐🐐 debate over. Don't @ me
536,779477,1,"Stylish blue light glasses, reduce eye strain from screens. Unisex design."
537,745778,0,@MrPatel_Physics thank you for making this make sense finally
538,220537,0,"Something I wish more people understood about grief: it doesn't follow a schedule. It's been two years since my brother passed and some days are fine, and some days a song in the grocery store knocks the wind out of me. Be patient with people. It just changes shape."
539,227821,0,First frost on the windshield this morning ❄️ winter is coming for real
540,124883,0,@alexgrant I don't think that's how that works but ok
541,808204,0,"Group projects should be illegal. Three people, one person doing everything, everyone getting the same grade."
542,955692,1,"Police chase ends in dramatic crash on interstate, suspect in custody 🚔 https://t.co/eJ21rbuWYO"
543,210978,1,🙌 Proud to announce our partnership with leading wellness brands https://t.co/iGb4MueT0q
544,559948,0,finally some good news
545,408959,1,Billionaire unveils plan for private space station by 2030 🚀 https://t.co/RvOy1cTG5r
546,373381,0,Where do people even meet friends after college? Asking for me
547,827558,0,three day weekend let's goooo
548,581656,1,WHAT A FINISH 🏁🏁 Rookie takes the checkered flag in overtime! #NASCAR
549,854428,1,"Recipe of the day 🍝 Creamy garlic parmesan pasta ready in 15 minutes! Full recipe in our bio, save this for later"
550,165060,0,Celebrated 5 years cancer-free today 💗 grateful for every single day #survivor
551,190536,1,🏒 OVERTIME WINNER 🏒 What a game!! #HockeyNight https://t.co/oPUqttxfhS
552,525773,1,Reminder: clocks fall back this weekend ⏰ Enjoy the extra hour of sleep! https://t.co/S5sgbEC05b
553,665664,0,back at it again with the 6am alarm
554,557937,1,Only real fans will remember Saturday morning cartoons 🥲
555,446231,1,Great point! Please check out my channel for similar videos.
556,743196,0,@nicoleypham omg is that the place on 5th? we should go
557,229176,0,This article on why we procrastinate explained me to myself a little too well https://t.co/d0VEEXQ0zu
558,322664,0,@carlos_m lmaooo that's exactly what happened to me last week
559,322173,1,SCORE!! 🥅 Captain buries the rebound in the final seconds #Hockey
560,405894,1,"Professional house cleaning, satisfaction guaranteed. Book online in minutes."
561,531852,0,Opening night of our school play went perfectly 🎭👏
562,714379,0,Being on call this week has completely ruined my sleep schedule. Three pages last night and none of them were real issues
563,288752,1,"Fan accounts unite 💜💜 Streaming party starts at 8PM, let's break the record! https://t.co/EBAxGBn16C"
564,820654,0,Spent the afternoon helping my neighbor move a couch up three flights of stairs. My arms are done for the week.
565,849948,1,Thanks for the mention! Don't forget to subscribe to our newsletter.
566,843934,0,"@katie_reads adding this to my list, thanks for the rec!"
567,594078,1,12 celebrities who look exactly like their parents 😲 https://t.co/oVcM81tzTG
568,957706,0,counting down to friday like
569,982830,0,"@olivia_m_t ugh I'm so sorry, that sounds exhausting"
570,845425,0,Our team made the state playoffs for the first time in 18 years!!! 🏈🙌 so proud of these kids #GoEagles
571,898072,0,"Ten years of nursing and the thing I've learned is that people remember how you made them feel more than anything you said. Hold the hand, learn their name, explain things slowly. Medicine matters, but so does dignity."
572,509105,1,The comeback is always stronger than the setback. 💪
573,615650,1,Tech stocks rebound after a rough week 💻📈 https://t.co/7lzH5bKRhl
574,356535,0,Date night at the new ramen place 🍜❤️
575,137522,1,RT if you're a cat person 🐱 Like if you're a dog person 🐶
576,821332,1,Believe in yourself and all that you are. Know that there is something inside you that is greater than any obstacle.
577,877883,0,Do you guys tip at the coffee counter? I never know what's expected anymore
578,298228,1,"Wear pink, stand together 🎗️ RT to support survivors"
579,402686,1,Generate leads on autopilot with our proven funnel system. Book a free call.
580,514210,0,one more episode and then bed. for real
581,816363,0,"@tom_writes_code this saved me hours, thank you"
582,123510,0,Walked around the lake after work. A lot of geese out today.
583,661885,0,First day back at the gym after a month off.
584,763528,1,Good vibes only ☀️🌈 #HappyThursday
585,127823,1,Last 5 pieces 🔥 restock unlikely https://t.co/O0lRMLzuA9
586,741842,1,💪 Transformation Tuesday 💪 90 days of hard work https://t.co/j0dlVTKiZ4
587,540957,0,@grandpa_joe_77 you tell em
588,365220,1,Peace begins with a smile.
589,107175,1,Thanks for following! Check out our latest products in the link below.
590,916868,0,"Did the weekly meal prep: chicken, roasted vegetables, a big pot of lentils. Fridge is full."
591,720908,0,"@priya_codes this is so helpful, saving it"
592,338900,1,Lose 10 pounds in 2 weeks without dieting?! 😱 Thousands are already trying it https://t.co/v6rdsB1bJD
593,873489,0,The university just raised tuition again and the wifi in the dorms still doesn't work past 9pm. Love that for us
594,539944,0,I'm sorry but charging $18 for a cocktail that's mostly ice should be a crime
595,235358,1,"🍕 Pizza or tacos? RT for pizza, like for tacos!"
596,160625,0,ok but the new season of that show is lowkey mid
597,726086,1,The secret to getting ahead is getting started. 🚀
598,734284,0,"@MattRuns42 dude that's a PR, nice work!!"
599,744672,0,bestie and i just booked a trip for spring break we're so excited
600,222312,0,Who else is staying up for the eclipse tonight?
601,372858,0,Our office switched to a new scheduling system and nobody knows how it works yet. Lots of emails today.
602,173579,0,"cant belive how fast my little brother is growing, he's taller than me now and its weird"
603,981498,0,Picked apples with my nephew this afternoon. We have way too many now.
604,402385,1,Stop scrolling 🛑 and look at this adorable baby otter 🦦 https://t.co/jJRlRSQOUj
605,218335,1,New record: marathon runner breaks 2:01 barrier 🏃 https://t.co/nsMr9YY9Jx
606,498649,0,just want someone to make me soup
607,204008,0,ngl i thought the exam would be easier but i think i did ok?? fingers crossed
608,146844,0,@rohan_dev can you send me the link to that talk? want to show my team
609,920999,1,Retweeted by thousands 🔁 this is why we need more teachers like her https://t.co/8D1jkwhkeK
610,652193,0,oh no. oh no no no no no
611,762222,1,"Such a helpful thread. I post daily marketing tips, follow along!"
612,820770,0,Somebody at the gym was doing curls in the squat rack again and I'm choosing peace today. Barely.
613,110548,0,"whoever decided self checkout machines need to yell ""unexpected item in bagging area"" every 10 seconds has never been to a grocery store"
614,478738,1,Developing: Gas leak forces evacuation of downtown office building 🚒 https://t.co/QF6n2XCEjz
615,883802,1,Rent prices are out of control 😤 RT if you agree
616,748715,1,Exclusive interview with the band ahead of their reunion tour 🎸 Don't miss it! https://t.co/SEyEIFB7Uo
617,371440,0,Movie marathon with my sister tonight 🍿🎬 we've had this planned for weeks
618,998015,1,"Bamboo cutting board set of 3, durable and knife friendly. Perfect housewarming gift."
619,850186,1,Mood: 😴😴😴 #MondayMorning #NeedCoffee
620,332416,0,Has anyone tried one of these meal kit subscriptions? Worth it or just expensive groceries? https://t.co/qA5DGbnhdR
621,245425,1,Spooky season is HERE 👻🎃 Shop costumes up to 50% off https://t.co/M03fL5uaAG
622,761735,1,Share this if you love your mom ❤️👩‍👧
623,395461,0,Daylight savings is a scam and this article backs me up. I will die on this hill https://t.co/KV6ESinK72
624,103040,0,lowkey the best part of my week was the free donuts at work on tuesday
625,254964,1,Our customers love it and so will you. Shop the bestseller collection today.
626,701843,1,JUST IN 🚨 Popular restaurant chain files for bankruptcy https://t.co/CnTVnFAKDh
627,937814,0,Any recs for a good dentist that takes walk-ins? Chipped a tooth on a popcorn kernel
628,173219,0,Three years ago I quit my office job to become an electrician's apprentice. Everyone thought I was crazy. Today I passed my journeyman exam. It was the hardest thing I've ever done and I'd do it again in a heartbeat.
629,920321,1,Need a website? We design professional sites starting at $199.
630,624862,1,Retail sales jump ahead of holiday season 🛍️ #Retail https://t.co/gsoCOSMoCM
631,158320,0,"Ten years ago today I moved to a new country with two suitcases and almost no idea what I was doing. I've made mistakes, lost people, found people. Grateful to everyone who made this place feel like home. #10years"
632,523998,1,What's the best album of all time? 🎧 Go! https://t.co/ah5rkgnTKH
633,220541,1,"✨ Manifest it ✨ Write it down, then go get it."
634,808220,0,"My cousin started a little pottery shop and her mugs are honestly beautiful, go show her some love https://t.co/fZJjf2GxgM"
635,129594,0,Took the scenic route on the drive home. The hills are starting to turn orange and red.
636,509951,1,⚡️ $XRP volume up 300% in 24 hours. Something BIG is coming 👀 #XRP #CryptoNews https://t.co/qNTte94bIQ
637,669410,1,🍔 National Burger Day deal: buy one get one FREE all day! https://t.co/2A6oaxG10o
638,818050,1,"🎮 Tournament starts in 1 hour, $5K prize pool! Watch live https://t.co/BX92FOtouW"
639,447626,0,@zoe_luna wait you're coming home this weekend?? call me
640,175860,1,OFFICIAL: Club confirms new head coach on a three-year deal ✍️ #TransferNews https://t.co/ZcTrtuHpEr
641,137189,0,Long day at work. Making soup and going to bed early.
642,657212,1,"Buy real followers and likes, fast delivery, 100% safe. DM for prices 📈"
643,999204,0,"Real question, at what point is a hobby just a second job?"
644,360564,1,Organic cold-pressed juices delivered to your door weekly. Subscribe and save 15%.
645,225944,0,@jakeyboy_99 bro we LOST it when that happened
646,180916,0,Wrote a blog post about what I learned from failing my first startup. Long but honest https://t.co/vrdjnofIZ5
647,606330,1,Hope everyone is having a blessed Sunday 🙏☀️
648,186629,0,"@liam_ross_ you're 100% right about the third act, it completely fell apart"
649,545270,0,Where's everyone watching the game this weekend?
650,260412,1,"New wildfire grows to 20,000 acres, containment at 10% 🔥 https://t.co/pzXInQOp5X"
651,521735,0,The fact that I need three separate apps to pay for parking in three neighboring towns is ridiculous
652,383798,1,📈 Analysts upgrade major chipmaker to strong buy https://t.co/oO11mOc49j
653,396354,1,"Need more engagement? Real likes, real comments, real growth. DM us 📲"
654,297877,1,Tag your gym partner 💪👇 #GymLife
655,148035,1,Movie night recommendation 🎥 this underrated thriller deserves more love https://t.co/edqFPKrREd
656,798339,0,"My friend wrote a really thoughtful piece about caring for a parent with dementia. If you're going through it, this might help https://t.co/vGsL1fnffb"
657,372549,0,finished my last final!!! summer here i come
658,494473,1,Like + share to help find this missing dog 🐕 https://t.co/4DLECY2rkB
659,743408,0,"Why does every job posting say ""entry level"" and then ask for 3-5 years experience"
660,800642,0,Any nurses here who've switched to remote work? How did you make the jump?
661,208057,0,I keep thinking about how my mom worked two jobs for most of my childhood and never once complained in front of us. I only found out years later that she skipped meals so we could have school lunches. Some kinds of love are so quiet you don't see them until you're older.
662,222807,0,"low battery, low energy, low everything"
663,892815,1,Your 2-minute daily news brief 📰 https://t.co/cOQxRO1VjK
664,932300,1,Weekly crypto recap 🗞️ $BTC $ETH $SOL all green this week https://t.co/r8CS7kORZ6
665,632029,1,"Stay positive, work hard, make it happen. ✨"
666,852084,1,Excellent content as always. Visit our website for exclusive deals.
667,547773,1,They said it couldn't be done 🙌 Underdog team clinches playoff spot! https://t.co/24kZUodDvH
668,732577,1,"Quote of the day: ""Discipline is choosing between what you want now and what you want most."" 📌"
669,823924,0,cried at a car commercial. normal day
670,101730,1,"🧘‍♂️ Guided meditation for beginners, just 10 minutes a day https://t.co/yuAG4YKqpP"
671,293994,1,Good stuff. Follow us for more updates like this.
672,723346,1,🟢 $BTC reclaiming support. Bulls are back in control 🐂 #CryptoTrading https://t.co/3gAsXrtqgA
673,750104,1,Watch this toddler's reaction to tasting lemon for the first time 🍋😆 https://t.co/xFIsauEXPF
674,178447,1,QB throws for 400 yards and 5 touchdowns 😤 #FantasyFootball
675,238481,0,"just found $20 in my winter coat pocket, best day ever"
676,129824,0,gonna be honest i forgot about the assignment until like 20 min ago
677,759768,1,🏎️ Pole position by 0.003 seconds!!! Qualifying was INSANE today #F1 https://t.co/9TYAGemtKT
678,635204,1,Happy #NationalDogDay 🐶 Share a pic of your pup below! 👇
679,321045,0,power just came back on. thank god
680,526251,0,my landlord raised the rent $200 and the dishwasher still doesn't work. make it make sense
681,473323,0,"When I was diagnosed with anxiety at 22 I thought it meant something was broken. Six years later I see it more like weather. Some days are stormy, some are clear, and I've gotten better at carrying an umbrella. If you're early in that journey, it does get easier."
682,476129,1,"Smart LED bulbs, 16 million colors, app controlled. Set the mood in any room."
683,506133,0,Game day!! Let's go Hawks 🦅 #GoHawks
684,958220,0,"I am so tired of every app wanting me to create an account just to look at a menu. I want to order a sandwich, not join your loyalty program"
685,537752,1,Wholesome content you didn't know you needed 💛 https://t.co/s4vdt45MXW
686,705587,0,Wrote up some notes from yesterday's workshop on accessible web design if anyone's interested https://t.co/qvHY8zaUvU
687,787130,0,I'll never financially recover from this
688,292042,1,Comment your city 👇 let's see where everyone's from 🌎
689,623303,0,ok I'm hooked on this show now
690,874035,1,💪 30 day abs challenge starts TOMORROW. Who's in?? #Fitness https://t.co/txNZSU8xcY
691,444642,0,my cat knocked my coffee over. good morning to me
692,659448,0,Is there a polite way to tell a coworker their microwave fish is ruining the office
693,498905,0,"Moving back to my hometown at 31 felt like failure at first. A year later, I have a garden, Sunday dinners with my family, and friends I've known since kindergarten. Sometimes the step backward is actually the step forward."
694,604511,0,"We spent the weekend clearing out my late uncle's apartment. He kept every birthday card anyone ever sent him, sorted by year in shoeboxes. I never knew he cared so much about those little notes. Send the card. Someone might keep it for thirty years."
695,725007,1,"Organic green tea, 100 bags. Rich in antioxidants, sourced from family farms."
696,852219,1,Opinion: remote work is here to stay 🏠💻 Agree or disagree? https://t.co/l6TbAnwCDM
697,878191,0,Should I learn Python or JavaScript first for data analysis? This roadmap says Python but I'm torn https://t.co/2gMDDo2MCD
698,546098,1,Love this! Be sure to visit my profile for daily motivation.
699,967707,1,Who's watching the derby tonight? RT if you're ready ⚽ #DerbyDay
700,767324,0,Took my grandma to see the fall colors today 🍁 she said it was the best day she's had all year
701,726685,1,"Grind now, shine later ✨"
702,618715,1,"Earthquake felt across three states this morning, no major damage reported 🏚️ https://t.co/QCZUEK8Zly"
703,495666,1,FOLLOW FOR FOLLOW 🔄 I follow back 100%!! #F4F #Followback
704,275785,0,Season tickets finally arrived!!! ⚽ #COYS
705,898808,1,Stocks to watch this week 📈 $NVDA $TSLA $AAPL https://t.co/JYXlIqXszc
706,175437,1,OMG they actually did it 😭😭 I'm not okay
707,358948,0,im not even kidding i've watched this clip 20 times
708,920966,0,on god this is the best burrito in the city
709,773087,1,"Accounting services for small businesses. Bookkeeping, payroll, and tax filing."
710,980490,0,What are your go-to cheap healthy lunches? I'm getting tired of rotating between the same three things
711,318473,1,Consumer confidence rebounds in October 📊 #Economy https://t.co/nxOC8e2LJZ
712,800792,0,"Car dealerships adding $3,000 ""market adjustments"" to the sticker price should honestly be illegal"
713,375576,1,Who remembers renting movies on VHS? 📼
714,807115,1,Discover our new range of eco-friendly cleaning products.
715,387461,1,"🤯 Mind blown. Everyone's arguing about this optical illusion, what do YOU see?"
716,736742,0,that was the worst traffic I've ever sat in
717,334677,0,"Defrosting the freezer, which I should have done months ago."
718,865497,0,"@nina_ochoa this is the cutest thing I've seen all week, give her a hug from me"
719,430341,1,🦁 Baby lion cubs make their zoo debut https://t.co/d8UmV2gI4U
720,527780,1,Wake up. Work hard. Repeat. 💯 #GrindSeason
721,740077,0,why do I always get the squeaky cart
722,599199,0,Watching the kids' swim lesson from the bleachers.
723,216291,1,$BTC dominance climbing. Altcoins bleeding. Patience pays 🧠 #Bitcoin
724,971564,1,📊 Poll time! What's your favorite fast food chain? Vote below 👇
725,306948,1,RT if your team is making the playoffs this year 🏈
726,486058,0,I genuinely cannot believe the bus route that half my neighborhood uses to get to work just got cut with two weeks notice. People are going to lose jobs over this and nobody at city hall seems to care.
727,277806,0,@djmarcus can't make it tonight but have fun!!
728,882436,0,Here's the free tax prep clinic my library runs every spring if anyone needs it https://t.co/U2t5sSwsHY
729,662385,1,This hotel has a waterslide from the lobby to the pool 🏨🌊 https://t.co/2ODRQ7ZeNs
730,239416,0,"this song has been stuck in my head for 3 days, now it's your problem https://t.co/AyKEhFULE4"
731,467726,0,Finished the 30 day yoga challenge today 🧘‍♀️ my back has never felt better
732,297377,0,"Went to a friend's art show downtown tonight. Small crowd, good wine."
733,226822,1,"🎰 Bonus code inside! Deposit $10, play with $50 https://t.co/3wqFA8mrnt"
734,553260,1,Gratitude turns what we have into enough. 🙏
735,830445,0,Teachers buying their own classroom supplies out of pocket every year should not be normal and we've all just accepted it
736,655309,0,"The longer I teach, the more I believe the most important thing I do isn't the lesson plan. It's noticing the kid who's suddenly quiet, or the one who keeps showing up hungry. The curriculum matters, but kids learn best when they feel seen."
737,795457,0,Kids have a half day today so it's going to be busy around here
738,808295,1,FINAL: 2-1 in extra time!!! What a match 😮‍💨⚽
739,606186,1,Retweet if you'd take a beach vacation over a ski trip 🏖️⛷️
740,900823,1,"Follow for daily updates, I always follow back."
741,555811,0,"Waiting at the mechanic for my car. They said an hour, it's been two."
742,688714,1,Do it with passion or not at all 🔥
743,474492,0,"The ""we're like a family here"" job posting energy is a massive red flag and I wish I'd known that at 22. Families don't lay you off over email at 4pm on a Friday."
744,185255,0,@em_writes yes!! I loved the ending so much
745,873318,0,sometimes you just need a donut
746,946314,0,can't wait for this weekend tbh
747,399883,0,New bakery opened on our street and I've been there three times this week 🥐 send help #carbs
748,811907,1,"Get verified, grow your brand, and reach millions. Message us for details."
749,462927,1,"Stay hungry, stay humble."
750,187312,1,Dreams don't work unless you do.
751,898367,1,Retweet this to remind someone they are loved ❤️
752,592947,1,🐾 Adopt don't shop 🐾 RT to help these pups find homes https://t.co/naptSqTG2l
753,450166,0,the dentist said I'm doing great 😌
754,662902,1,"Ceramic nonstick frying pan, oven safe up to 500°F. Dishwasher friendly. Now 35% off."
755,107744,0,"my dog is the goodest boy, no further questions"
756,292291,1,Polls show tight race heading into final week of campaign 🗳️ https://t.co/fhbLD0dBmS
757,599097,1,"LIVE NOW 🔴 Come hang out on stream, giving away skins at 1K viewers! #Twitch https://t.co/oNxCmSW6EB"
758,474469,1,JUST IN: Major airline cancels hundreds of flights amid staffing shortage ✈️ https://t.co/UpFt06y9dY
759,497999,0,Matching Halloween costumes with my roommate are DONE 👻🎃
760,487358,0,bruh my roommate ate my leftovers AGAIN
761,414321,1,Two rival automakers announce merger talks 🚙 Markets react https://t.co/8VxtIXCAcy
762,199318,0,"Twelve emails today that started with ""just circling back."" Please stop circling. Land the plane."
763,434290,1,Make it happen. Shock everyone. 💥
764,153932,0,"My 7 year old asked me how old I am. I told her. She paused and said ""wow, that's almost dead."" Thanks sweetie."
765,908841,0,"cant beleive its already been a year since we moved here, time flys"
766,610335,1,Home prices drop in 12 major cities for the first time in a decade 🏘️ Buyer's market incoming?
767,404462,0,Can stores stop putting the Christmas stuff out in September? I haven't even bought candy for Halloween yet
768,970442,0,"nope nope nope, there's a spider in the shower 🕷️"
769,916881,0,"Volunteered at the food bank this morning and the line was longer than I've ever seen it. Lots of families, lots of seniors, lots of people in work uniforms. Things are harder out there than the headlines make it sound."
770,270355,0,"that test was hard af, pray for me"
771,954086,0,"After two years of physical therapy I walked a full mile today without my cane. Slowly, with a few breaks, but on my own. Thank you to my PT, my family, and everyone who checked in when I was too tired to talk. #recovery"
772,162151,0,Finally finished my portfolio website after months of procrastinating. Would love feedback https://t.co/ld1WWu0zGV
773,311292,1,Small steps every day. 🐢 #ProgressNotPerfection
774,813060,0,"Said ""you too"" when the waiter said enjoy your meal. Fourth time this month."
775,210713,1,Mind over matter. Always.
776,551222,1,"🚆 Train service suspended after signal failure, expect delays https://t.co/a1dhzEbrBD"
777,611325,0,somebody please make the wind stop
778,390356,1,"Glow up season 💅 New skincare bundle 30% OFF this week only, link in bio #SkinCare"
779,867840,0,@hailey_bakes saving this recipe immediately. how long did you proof the dough?
780,512915,0,"After a year of saying ""we should get together sometime"" to an old friend, I finally just picked a date and sent it. We met for lunch and talked for four hours. Stop waiting for the perfect time. Just send the text."
781,498294,0,"Teaching taught me that most people aren't lazy, they're overwhelmed. When a student stops turning in work, there's almost always something bigger going on at home. A little patience and one honest conversation has changed more outcomes than any late penalty ever did."
782,294697,0,Best way to get red wine out of a light carpet? Asking before my landlord finds out
783,768006,0,Meeting a friend for lunch then heading to the hardware store for paint samples.
784,416705,0,"My grandmother kept a notebook of every recipe she ever cooked, with little notes in the margins like ""too salty for Tom"" or ""make double for church."" We found it after she passed. Cooking from it this year feels like having one more conversation with her."
785,515720,1,🎮 Patch notes are out. Your favorite character just got nerfed 😬 https://t.co/YfGxPg7KBz
786,999881,0,Graduation pics came back and I'm obsessed 🎓📸 #classof2026
787,953818,1,Only 1% of people can solve this puzzle 🧩 Can you?? https://t.co/Zd2WtBjeKt
788,975912,0,@meg_from_ohio congrats on the new house!! so happy for you two
789,105395,0,this playlist is a whole mood fr fr
790,287089,1,🏆 Fantasy football waiver wire pickups for Week 8 https://t.co/LhRH0Wk1JJ
791,879736,1,🛍️ Members get early access to the winter sale tonight https://t.co/fUg6PLbf3S
792,965162,1,Grateful for every one of you 🙏 Let's make today count.
793,589161,1,You are stronger than you think 💪✨ #YouGotThis
794,788492,0,"Reading about the history of my neighborhood and learning that the park I walk through every day used to be a dairy farm, then a drive-in theater, then a parking lot before the city turned it back into green space. Places carry so many lives."
795,150333,0,What do you do when you have zero motivation but a deadline in two days?
796,177905,0,Filled up the bird feeder this morning. Had two cardinals by lunch.
797,452071,1,🎤 Surprise album drop at midnight!! Fans are losing it https://t.co/eFtNaUVcSR
798,873312,0,Back in the office three days a week starting Monday.
799,866629,0,Leaves are starting to change on my street. Took a few pictures on the drive home https://t.co/QQnp85X9Fe
800,814697,0,Is the new library branch open yet or did they push it back again?
801,571926,0,"@coach_mike_t thanks for everything this season, the kids had a blast"
802,218145,0,obsessed with this new coffee place
803,600172,1,Be proud of how far you've come. 🌱
804,741268,0,Went grocery shopping and forgot the one thing I actually needed. Going back tomorrow.
805,378564,1,🌟 Customer favorite 🌟 Our fleece joggers are back in all sizes https://t.co/yTGkXRBKjJ
806,143818,0,"Spent the evening reading old letters between my parents from when they were long distance in the 80s. They wrote about bus schedules, rent, a dog they wanted someday. Nothing dramatic. Just two people choosing each other, one ordinary page at a time."
807,722344,0,Thinking about adopting a second cat. Did your first cat adjust ok? Any tips for introducing them?
808,124898,0,Made a big batch of granola for the week. Added too many raisins.
809,789019,1,Rare comet visible to the naked eye this weekend ☄️🔭 https://t.co/xwfil45TrY
810,447070,0,Does anyone know if you can freeze cooked rice and reheat it without it getting weird? Meal prepping for the first time and trying to not waste food.
811,231991,1,Major recall issued for popular baby formula brand ⚠️ Check your pantry https://t.co/StQIxW1ByA
812,354887,1,Unreal save from the keeper 🧤😱 Save of the season already??
813,585355,1,"DOGECOIN HOLDERS 🐕 big announcement coming this week, stay tuned!! #DOGE #Crypto"
814,143857,0,"this weather is so bipolar smh, 80 yesterday 45 today"
815,561364,1,💸 Make money while you sleep 💸 Ask me how https://t.co/XQMjtS5xE9
816,872581,0,thinking about that pasta from last night
817,190122,0,@BrianLee_ get well soon man
818,257695,0,@westside_dave you still have that old truck?
819,717226,1,Global markets slide as investors await rate decision 🌐 https://t.co/SphgSoy07b
820,412274,0,need a vacation so bad its not even funny
821,741471,1,Turn your passion into profit 💡💰 Free masterclass tonight https://t.co/X0662oxYz5
822,993128,0,this new album is fire no cap
823,633016,0,"we are so back, season starts today"
824,362156,1,Get your daily dose of cuteness 🐶🐱 Follow for more! https://t.co/0CyX0ciQKN
825,345615,0,Changed the batteries in all the smoke detectors since we're turning the clocks back soon.
826,566065,1,"🎉 Free spins! Sign up today and get 100 free spins, no deposit required 🎰 https://t.co/7Ut15FigY3"
827,496690,1,Video of the year?? 😂🐐 that goat on the trampoline has me DEAD
828,246925,0,Is it normal for a new car to make a clicking noise when you turn the wheel all the way or should I be worried
829,534498,0,Hot take but group dinners where everyone splits the bill evenly are a scam for the people who ordered a side salad and water
830,182707,0,My grandfather was a mechanic for 45 years and never once called himself smart. But he could listen to an engine for ten seconds and tell you exactly what was wrong. I wish we gave the same respect to skilled trades that we give to degrees.
831,924242,0,Has anyone been to the new science museum yet? Thinking of taking the kids Saturday
832,665981,1,Upgrade your skincare routine with our bestselling vitamin C serum.
833,526457,1,🧠 Fun fact: octopuses have three hearts. Follow for more facts! https://t.co/zjRBsW3qNE
834,964688,1,Ethereum upgrade successful ✅ What it means for your portfolio https://t.co/JgFChvQsUd
835,637066,0,My upstairs neighbor has decided 11pm is the ideal time to rearrange furniture. Every. Single. Night.
836,155574,0,Rainy commute but the bus was on time
837,330665,1,RT + follow for a chance to win concert tickets 🎶🎟️ https://t.co/gvUz3hdXfb
838,760715,0,"My neighbor is 84 and still walks two miles every morning, rain or shine. Today I asked her what keeps her going. She said ""If I stop, I won't start again."" I think about that more than I should."
839,724848,0,Finished the first draft of my thesis introduction. Sending it to my advisor tomorrow.
840,583113,0,im so done with this semster honestly
841,717411,0,Picked up a few shifts at the bookstore for the holiday season. They're hiring more if anyone's looking https://t.co/AsqcOLCGE5
842,860675,1,🎶 New music Friday 🎶 Add this to your playlist RIGHT NOW https://t.co/I4Es0ri6j8
843,349947,1,Part-time remote position available. Earn up to $800 weekly. Apply today.
844,154764,1,🧘 5 minute morning stretch routine that changed my life https://t.co/PIwWbCPUw9
845,603750,0,My parents are visiting next week so I've been deep cleaning the guest room all evening.
846,130688,1,Baby pandas rolling down a hill is the cutest thing you'll see today 🥺🐼
847,430044,1,Sunday reset 🧺🕯️ #SelfCareSunday
848,909242,0,Neighbor kid offered to shovel my driveway for $5. Showed up with a toy shovel. Paid him $10 for the effort.
849,354352,0,my heart can't take another overtime game
850,883727,1,📺 Binge-worthy shows to watch this weekend https://t.co/doc6pexviI
851,550541,1,Free webinar this Thursday: how to scale your online store to six figures. Register at the link in our bio.
852,638586,1,Altcoin season is coming 🌊 Don't get left behind!! #Crypto #Altcoins
853,258849,0,ok but why is this so relatable
854,673381,0,I really thought I had it that time
855,494947,0,Shoutout to the guy who parked across three spots at the grocery store. Hope your day is as inconsiderate as you are
856,150537,1,Unbelievable catch in the outfield 😱⚾
857,161838,1,Every morning you have two choices: continue to sleep with your dreams or wake up and chase them. ☀️
858,636614,1,Breaking news: Wildfire forces evacuation of 3 towns in northern California 🔥 Stay safe! https://t.co/4tu4JqaUvC
859,694939,0,Why do group fitness classes play music so loud you can't hear the instructor? I'm doing burpees blind over here
860,137791,1,Make today amazing 🌞
861,112401,1,💰 Get paid daily with our side hustle app. Thousands already earning! https://t.co/NuUBOecYHW
862,525128,0,Spent the morning raking leaves and the afternoon reading on the porch. Dinner is leftover lasagna.
863,295901,1,The best investment you can make is in yourself. 📚 #SelfImprovement
864,390676,1,"Turn $100 into $1,000 with our AI-powered trading bot 🤖💵 Results guaranteed! https://t.co/nhqfO8E0ET"
865,967163,1,RT if you still use a paper calendar 📅
866,696895,0,"Library run this afternoon, picked up three novels and a cookbook"
867,898575,1,🧴 Self-care kit giveaway 🛁 RT + follow to enter https://t.co/5mLiVfmvDs
868,779547,0,cant stop listening to this album its actually unreal
869,324106,0,Our neighborhood is doing a block cleanup on Saturday morning. I signed up for the park section.
870,533789,1,UNREAL 🤯 Goalie scores from his own net
871,734234,0,"Nobody warns you how strange it is when your parents start getting older. One day they're the ones fixing everything and the next you're explaining how to reset the router and noticing how slowly your dad climbs the stairs. I'm trying to visit more, call more, say more."
872,514829,1,Celebrity couple spotted together in Paris amid split rumors 👀💔 Are they back on??
873,270830,1,"🎁🎁 MEGA GIVEAWAY 🎁🎁 3 winners get a new tablet! Follow, like, and tag a friend. Closes Monday https://t.co/mplxqKHc58"
874,564008,1,"🔴 LIVE: press conference happening right now, tune in"
875,288460,0,"I'm so sick of the ""just pick yourself up"" attitude toward people who are struggling. Some people are carrying things you can't see"
876,980368,1,Unboxing the most hyped gadget of the year 📦 https://t.co/1vStjcJ5cJ
877,915463,0,Why does every streaming service now cost as much as cable did. We've come full circle and nobody's happy
878,922048,1,THIS is what dedication looks like 💪🔥 5AM workouts every single day. #FitnessMotivation
879,638214,1,Hilarious 😂 me trying to function on Monday mornings with zero coffee
880,352482,0,"Booked a ""budget"" airline flight and by the time I added a carry-on, a seat, and the right to breathe the cabin air, it cost more than the regular airline. Never again."
881,157763,1,🙏🙏🙏 blessed and grateful
882,917080,0,tryna be productive but my bed is calling me
883,294196,1,We create custom logos and brand kits for small businesses. Fast turnaround.
884,921219,1,RT this if you remember dial-up internet 📞💻
885,234592,0,Book club picks for November? We just finished this mystery and want something lighter next https://t.co/hFF1gnLIWH
886,922942,0,that was the longest Tuesday of my life
887,193285,1,Recruiting motivated individuals for a life-changing business opportunity. Be your own boss.
888,915018,0,pizza for dinner again and I regret nothing #fridaynight
889,523785,1,"Bargain alert 🛒 Smart TV 55"" for $249 https://t.co/Fi38tRrYq8"
890,210427,1,Can't stop laughing 🤣🤣🤣 who else saw this?? #Funny #Viral
891,964651,0,"I volunteer with an adult literacy program on Saturdays. This week a 64-year-old man read a full chapter of a book aloud for the first time in his life. He finished, closed it, and just sat there smiling. I'll remember that for a long time."
892,994943,1,Kindness is free. Sprinkle it everywhere 🌸
893,743600,0,this is so wholesome I can't 🥺
894,923759,1,"✈️ Weekend getaway deals from $99, limited dates available https://t.co/o2rnAxttOf"
895,181790,1,Be the energy you want to attract ⚡ #MindsetMatters
896,989484,0,"@jbrooks_ i'll bring the chips, you bring the dip"
897,858445,0,ur not gonna belive what happened at work today. long story
898,747786,1,Free shipping on all orders this weekend only. Shop now.
899,263468,0,Made a doctor's appointment for next week. Finally getting that shoulder looked at.
900,842678,1,"Who did it better, the original or the remake? 👇"
901,749940,1,Funniest fails of the week are up on our page 😂🤦
902,634673,1,Appreciate the follow! Hope you enjoy my content.
903,689507,1,Breaking ⚡ Lightning strike sparks fire at historic church https://t.co/oORQEd3j1N
904,257425,0,What's one small purchase under $30 that genuinely improved your life?
905,564675,1,Exclusive 🔒 behind-the-scenes look at the making of the summer's biggest blockbuster https://t.co/le20SSKDHt
906,357657,1,Can't believe this happened in the final minute 😱
907,276585,0,why is everyone sick right now
908,515018,1,"Rise up, grind hard, stay humble 🙏💯"
909,522882,1,"Tap in 👀 limited edition drop at 10AM EST, set your reminders"
910,117610,1,🔥 HOT DEAL 🔥 Noise cancelling headphones now $79 (was $199) https://t.co/Tb9FJHCUtg
911,150933,1,🚨 Scam alert: fake delivery texts are going around again https://t.co/QDriSTDWSO
912,713805,1,TOUCHDOWN 🏈 99-yard kick return to open the second half!!!
913,136532,0,Sunrise hike with the best crew this morning 🌄 legs are jelly #weekendvibes
914,980402,0,"The older I get, the more I appreciate friends who don't need constant contact. We can go three months without talking and pick up right where we left off. That kind of ease is rare."
915,486306,0,"@mr_hendricks I still remember your chemistry class, best teacher I had"
916,739522,0,"I swear the ""low tire pressure"" light comes on every time the temperature drops one degree and then I spend 20 minutes at a gas station air machine that eats my quarters"
917,953709,1,Fashion week highlights 👗✨ that red gown stole the show
918,907732,0,"Anyone else's internet provider raise prices AGAIN this year? Same speed, $15 more a month. Love that"
919,215071,0,what a game. what a GAME #MNF
920,637898,1,Everything you need for the perfect home office 💻🪴 https://t.co/EUnBxr8cZW
921,450723,0,"@tasha_bakes those look amazing, recipe please!!!"
922,736427,1,Rookie of the year?? 🔥 Another 30-point night for the young guard
923,563488,0,"@lisa_draws this is gorgeous, the colors are perfect"
924,952211,1,🤣🤣 the ending got me https://t.co/gj3z0FcidO
925,832241,1,Wireless earbuds with 30-hour battery life and noise cancellation. Ships free.
926,457792,1,Can't wait for this!!! 🙌🙌 Who else is counting down? #ComingSoon
927,846893,0,"Ran into my old high school English teacher at the grocery store today. She remembered my name, my essay on a book I barely read, and that I wanted to be a writer. I told her I'm an editor now. She looked so proud I almost teared up in the cereal aisle."
928,289867,1,Our premium dog food is made with real chicken and no fillers. Your pup deserves the best.
929,248842,1,Unlock your potential 🔓 Free e-book for the first 100 signups https://t.co/cMFr7rx2jU
930,173186,1,🥈 SILVER for the national team! History made
931,682303,1,Wall Street closes at record high as earnings beat expectations 📈 https://t.co/eAGtqxRFRI
932,682208,1,Ranking every fast food fry from worst to best 🍟 https://t.co/lZ3htawF4x
933,100173,1,😭😭😭 I can't with this fandom
934,928272,1,📲 Download the app and get $20 off your first order https://t.co/6SN3smWNSD
935,236992,1,🏈 SUNDAY FUNDAY 🏈 Who you got today? Drop your picks 👇 #NFLSunday
936,911601,0,My dog stole a whole baguette off the counter and paraded it around the yard like a trophy. Honestly respect.
937,303342,1,"If you're reading this, it's your sign to start 🙌"
938,536773,1,Who else needs a coffee right now ☕🙋
939,994012,0,anyone else's knees start predicting the weather after 30 or is that just me
940,653884,0,"Asked my 5 year old what she wants to be when she grows up. She said ""a grandma."" Ambitious."
941,401248,1,"Nice work! I share tips on growing your business, follow me for more."
942,686278,0,ok that finale was unreal #NoSpoilers
943,289059,0,"sleepy and hungry rn, terrible combo"
944,874611,0,"Proud of my students today, all of them passed the state exam 🍎 #teacherlife"
945,860293,0,@kaylee_m lol I literally just texted you about this
946,439534,0,@rachel_nguyen not me reading this at 2am instead of sleeping
947,416702,1,Backstage pass 🎟️ exclusive footage from the festival https://t.co/BKMFrPr6ug
948,788213,0,"Lately I've been trying to read physical books again instead of scrolling before bed. It took about two weeks for my attention span to come back, but I'm sleeping better and actually remembering what I read. Small change, big difference. #reading"
949,985701,0,bro the dining hall pizza hit different today fr
950,949589,0,today was a good day ☺️
951,448203,0,What's the deal with eggs being so expensive again?
952,676683,1,Local bakery goes viral for giant croissants 🥐 https://t.co/zhEx0zlYRl
953,290372,1,Woah 😳 did everyone see that?
954,776003,1,🚀🚀🚀 To the moon!! $PEPE https://t.co/bD4L9g4ZbH
955,851037,1,"Comment ""YES"" if you want part 2 👇👇"
956,728152,0,Anyone else trying to cut back on screen time? What's actually working for you?
957,511091,1,$DOT looking ready to explode 💥📈 #Polkadot https://t.co/5wW3lw4FD9
958,238009,1,Agree with this completely. Our page has more content like it.
959,233267,1,Stunning 🤩 https://t.co/R5jO0xFtXU
960,556588,1,"Waterproof phone pouch, perfect for beach days and boat trips."
961,482629,1,📢 LAST CHANCE: our biggest sale of the year ends at midnight! Up to 60% off sitewide https://t.co/dUv7xW1oI7
962,746665,0,Finally finished my first half marathon!! 🏃‍♀️🎉 2:14 and so proud #running
963,598155,0,bruh i paid 9 dollars for a sandwich and it was mostly lettuce
964,731578,1,"Hello friends, I am new here. Please follow me and I will follow you back."
965,807750,0,"@dev_ryan respectfully I think the second one is cleaner, but both work"
966,730454,1,"👀👀👀 check the replies, you need to see this"
967,361275,1,Who's ready for the holidays?? 🎅 RT if you've started shopping
968,909824,1,Stream our new single on all platforms now.
969,245212,0,Nailed my first sourdough loaf 🍞 #breadtok
970,543733,0,@jordyn_w I'm so sorry for your loss. Thinking of you and your family
971,475244,1,🏀 BUZZER BEATER 🏀 Are you kidding me?!?! #MarchMadness
972,940591,1,"Cheers for sharing, we'd love for you to check out our page."
973,326645,1,Chill vibes only 🌴☀️ Happy weekend fam
974,491974,1,Bitcoin ETF inflows hit record levels this week 📈 #BTC #ETF https://t.co/LjepuScVTm
975,550584,0,Christmas tree is UP 🎄✨ don't judge me
976,450426,1,Ever wondered why cats purr? 🐈 The answer might surprise you https://t.co/XALZZSdC5K
977,844706,1,Plot twist nobody saw coming 😮 no spoilers in the replies please
978,559260,1,Best pizza in every state 🍕🇺🇸 Is yours on the list? https://t.co/6hWva6GhBn
979,673732,0,omw to buy more plants i dont need
980,328979,0,"The toddler has discovered the word ""why"" and I have discovered I know nothing."
981,891607,0,she ate that performance up and left no crumbs
982,972962,1,"🎲 Spin to win up to $1,000 in prizes https://t.co/6b32SNn6kw"
983,898670,1,Fans storm the field after historic win 🙌🏟️
984,691531,1,Interesting read. Feel free to check out our services.
985,708215,0,Why does every phone call with a doctor's office start with a 3 minute recording reminding me that if this is an emergency I should hang up and dial 911. I know. I'm calling to reschedule.
986,298226,0,"It's honestly exhausting how much unpaid work goes into applying for jobs. Cover letter, portfolio, two take-home assignments, four interviews, then ghosted."
987,182310,0,yeah I'm not going to work tomorrow (in spirit)
988,812222,1,"Mini portable blender, USB rechargeable, perfect for smoothies on the go. 50% off today."
989,795769,1,Unpopular opinion 🙊 breakfast for dinner is elite https://t.co/jLBC9JNTAA
990,443896,1,🎁 Comment your favorite emoji to enter our $50 gift card giveaway! 🎁
991,362981,0,How do you politely leave a group chat that has become 90% memes from someone's uncle?
992,868006,1,Exclusive member discounts this weekend only. Sign up now.
993,867021,0,Rearranged my desk so it faces the window now. Much better light.
994,424380,0,yall really be posting at 3am huh. same tho
995,902891,1,Great insights here. Check my pinned tweet for something similar.
996,116097,1,Keep calm and stay positive.
997,375161,0,Customer service put me on hold for 47 minutes and then the call dropped. I don't even have words.
998,623097,0,why is my phone at 4% already
999,188036,0,need this pumpkin bread in my life asap
