row_index,User ID,Bot Label
0,132131,1
1,289683,0
2,779715,0
3,696168,1
4,704441,1
5,570928,1
6,734182,0
7,107312,1
8,549888,0
9,117640,1
10,576805,1
11,758550,1
12,383629,0
13,850918,0
14,675134,0
15,607798,0
16,946597,1
17,212211,0
18,595841,1
19,295469,0
20,463487,1
21,343343,0
22,631945,1
23,926923,1
24,127337,1
25,580954,0
26,432390,1
27,131479,1
28,811404,1
29,138974,1
30,267991,0
31,688953,0
32,391036,0
33,194223,0
34,238448,1
35,381356,0
36,387922,1
37,150095,1
38,344916,0
39,558415,0
40,725104,1
41,814899,0
42,187298,0
43,763755,0
44,593693,0
45,388689,0
46,233166,0
47,460341,1
48,180001,1
49,635556,1
50,522978,0
51,200604,0
52,105383,0
53,744296,1
54,332454,0
55,281416,0
56,552441,1
57,950576,0
58,608641,1
59,835839,1
60,593237,0
61,107084,1
62,303633,1
63,598545,0
64,469564,1
65,913533,0
66,301182,0
67,455069,0
68,786663,1
69,788887,0
70,172922,0
71,975248,0
72,445071,1
73,162555,1
74,700151,0
75,596289,1
76,713064,1
77,265775,0
78,446708,1
79,123595,1
80,604212,1
81,868723,1
82,654767,1
83,890737,0
84,655941,1
85,632393,0
86,884365,0
87,823120,1
88,552971,0
89,433484,1
90,393090,1
91,488569,1
92,664797,1
93,209150,1
94,625311,0
95,261949,1
96,975759,0
97,812820,0
98,175102,1
99,251720,0
100,105124,0
101,430675,0
102,783601,0
103,489080,1
104,375266,1
105,425989,0
106,911306,1
107,786471,0
108,541230,0
109,979072,0
110,863236,0
111,958231,1
112,290093,1
113,904320,0
114,918228,0
115,556584,0
116,657236,0
117,186382,1
118,834207,0
119,705093,1
120,402143,0
121,540118,0
122,105179,1
123,868659,1
124,694805,0
125,121978,1
126,633215,1
127,975822,0
128,271872,1
129,433950,1
130,593803,1
131,236318,0
132,622010,0
133,443899,1
134,313627,0
135,587424,1
136,187246,1
137,644545,0
138,986495,0
139,763466,1
140,995441,1
141,320912,1
142,219810,1
143,654970,0
144,227157,1
145,925810,0
146,565871,1
147,759323,1
148,891728,1
149,266330,1
150,292191,1
151,816187,0
152,620605,1
153,853439,0
154,898158,0
155,400856,1
156,251579,1
157,992703,1
158,210091,1
159,529925,0
160,414325,0
161,588159,0
162,866255,1
163,474538,1
164,625709,1
165,929996,0
166,621277,0
167,414075,1
168,992789,0
169,415672,0
170,528303,1
171,201440,0
172,893920,1
173,461665,1
174,191663,0
175,176832,1
176,308851,0
177,847924,1
178,175139,0
179,843797,0
180,874451,1
181,226267,1
182,114999,0
183,903576,1
184,663374,0
185,375947,0
186,759961,0
187,827904,0
188,841228,0
189,598627,1
190,558061,0
191,681701,1
192,982892,1
193,577040,1
194,676804,0
195,764693,1
196,736369,0
197,539876,0
198,803114,1
199,529620,0
200,995013,0
201,577551,0
202,839022,0
203,580678,1
204,479464,1
205,452177,0
206,230868,0
207,507394,1
208,980557,1
209,104697,1
210,992934,1
211,557867,1
212,942666,1
213,782468,0
214,627300,1
215,373291,0
216,403580,1
217,914454,0
218,779971,0
219,506523,0
220,222497,0
221,392905,1
222,907727,0
223,382180,0
224,267580,0
225,913252,1
226,968082,0
227,113232,1
228,296660,0
229,736553,0
230,544513,1
231,299510,0
232,783572,1
233,465144,0
234,875423,0
235,497045,0
236,123290,1
237,805444,1
238,571592,1
239,818189,1
240,333908,1
241,666121,1
242,896227,1
243,883667,0
244,187192,0
245,881150,1
246,877474,0
247,573830,0
248,585862,0
249,780554,1
250,138700,1
251,711691,0
252,967819,0
253,448377,1
254,508187,1
255,241479,1
256,207435,0
257,128235,1
258,399371,1
259,749330,1
260,646528,1
261,884942,0
262,678998,0
263,142955,1
264,829799,1
265,564216,1
266,469994,0
267,749565,0
268,118226,1
269,962871,1
270,150720,0
271,252252,1
272,857074,1
273,348345,1
274,467653,1
275,109243,0
276,592202,0
277,915209,0
278,556050,1
279,762922,1
280,512870,0
281,192294,1
282,740350,1
283,377115,1
284,876385,1
285,130270,1
286,102576,1
287,558741,1
288,380229,1
289,421319,0
290,430561,0
291,132631,0
292,703495,0
293,864096,1
294,768628,1
295,894608,0
296,442723,1
297,814392,0
298,509640,0
299,552104,0
300,723647,0
301,315730,1
302,301271,0
303,213946,0
304,360654,0
305,516754,0
306,931911,1
307,659487,0
308,505940,1
309,689413,1
310,590539,0
311,621570,0
312,408341,1
313,971083,0
314,141492,1
315,498089,0
316,327584,0
317,443956,1
318,968438,1
319,237720,1
320,219604,0
321,579966,1
322,168028,1
323,749430,0
324,700283,1
325,579731,1
326,921731,1
327,589209,1
328,457809,1
329,979670,0
330,207847,0
331,715999,1
332,895451,0
333,636309,1
334,787769,1
335,382837,0
336,473239,0
337,537167,0
338,845140,0
339,902756,0
340,131809,1
341,205329,1
342,660327,1
343,171310,1
344,333651,1
345,648159,0
346,468781,0
347,583667,0
348,861157,1
349,917783,0
350,966410,1
351,701255,1
352,330446,1
353,835118,1
354,654954,1
355,505231,1
356,819837,1
357,714305,0
358,816359,1
359,688056,1
360,376277,1
361,186507,0
362,448128,0
363,893819,0
364,587336,0
365,514872,0
366,640137,1
367,834620,1
368,864009,1
369,674578,1
370,553232,0
371,625456,1
372,676953,0
373,813065,0
374,624885,0
375,566574,1
376,163413,1
377,864561,1
378,882415,1
379,188885,1
380,613988,1
381,461236,1
382,982115,0
383,181086,1
384,818938,0
385,370377,1
386,721228,1
387,822139,1
388,853895,0
389,914910,1
390,862683,1
391,196082,1
392,232586,1
393,218304,0
394,832417,0
395,763230,0
396,444735,1
397,258691,1
398,385419,0
399,615496,1
400,628144,0
401,945720,0
402,415632,0
403,431694,1
404,283440,0
405,870639,0
406,597257,0
407,724284,0
408,235604,0
409,795761,1
410,277554,0
411,499577,1
412,922150,1
413,771303,1
414,456462,0
415,343314,0
416,731293,0
417,764419,0
418,406261,0
419,424157,0
420,669216,1
421,669673,0
422,655211,1
423,519195,1
424,116788,1
425,645659,0
426,644499,0
427,239526,0
428,521455,0
429,729200,1
430,228393,1
431,610201,0
432,964249,0
433,746001,1
434,396637,0
435,490242,1
436,531912,0
437,778159,0
438,668918,1
439,310240,0
440,376082,1
441,549583,1
442,786228,0
443,467854,0
444,905648,1
445,237466,0
446,312544,1
447,671171,1
448,724354,1
449,334925,1
450,548223,0
451,752323,0
452,220745,1
453,191464,1
454,735094,1
455,186741,1
456,790575,0
457,872064,1
458,540635,1
459,700820,1
460,592470,1
461,101369,1
462,710673,1
463,806388,1
464,142771,0
465,935047,0
466,838218,1
467,410521,1
468,540653,0
469,323186,0
470,446196,1
471,901261,1
472,509985,1
473,135797,1
474,184190,0
475,115812,0
476,838556,1
477,779216,1
478,593154,0
479,671950,1
480,912121,1
481,711180,1
482,453575,0
483,893719,0
484,465001,1
485,371918,1
486,646000,0
487,860963,1
488,488022,0
489,881276,1
490,147182,1
491,654943,1
492,698447,1
493,699161,1
494,559951,1
495,616862,0
496,671695,1
497,562039,0
498,361224,0
499,411751,1
500,137301,1
501,300659,0
502,874222,0
503,614355,0
504,952796,0
505,805417,0
506,441165,0
507,922248,0
508,965781,0
509,733121,0
510,220019,0
511,125824,1
512,230713,1
513,350262,1
514,448745,1
515,198969,0
516,264930,1
517,295962,1
518,883812,1
519,218928,0
520,175778,1
521,739509,1
522,916570,0
523,352467,1
524,924928,1
525,751742,0
526,487097,0
527,929596,0
528,606320,0
529,628944,0
530,770550,1
531,441345,0
532,706620,1
533,538841,0
534,435078,0
535,884984,1
536,779477,1
537,745778,0
538,220537,0
539,227821,0
540,124883,0
541,808204,0
542,955692,1
543,210978,1
544,559948,0
545,408959,1
546,373381,0
547,827558,0
548,581656,1
549,854428,1
550,165060,0
551,190536,1
552,525773,1
553,665664,0
554,557937,1
555,446231,1
556,743196,0
557,229176,0
558,322664,0
559,322173,1
560,405894,1
561,531852,0
562,714379,0
563,288752,1
564,820654,0
565,849948,1
566,843934,0
567,594078,1
568,957706,0
569,982830,0
570,845425,0
571,898072,0
572,509105,1
573,615650,1
574,356535,0
575,137522,1
576,821332,1
577,877883,0
578,298228,1
579,402686,1
580,514210,0
581,816363,0
582,123510,0
583,661885,0
584,763528,1
585,127823,1
586,741842,1
587,540957,0
588,365220,1
589,107175,1
590,916868,0
591,720908,0
592,338900,1
593,873489,0
594,539944,0
595,235358,1
596,160625,0
597,726086,1
598,734284,0
599,744672,0
600,222312,0
601,372858,0
602,173579,0
603,981498,0
604,402385,1
605,218335,1
606,498649,0
607,204008,0
608,146844,0
609,920999,1
610,652193,0
611,762222,1
612,820770,0
613,110548,0
614,478738,1
615,883802,1
616,748715,1
617,371440,0
618,998015,1
619,850186,1
620,332416,0
621,245425,1
622,761735,1
623,395461,0
624,103040,0
625,254964,1
626,701843,1
627,937814,0
628,173219,0
629,920321,1
630,624862,1
631,158320,0
632,523998,1
633,220541,1
634,808220,0
635,129594,0
636,509951,1
637,669410,1
638,818050,1
639,447626,0
640,175860,1
641,137189,0
642,657212,1
643,999204,0
644,360564,1
645,225944,0
646,180916,0
647,606330,1
648,186629,0
649,545270,0
650,260412,1
651,521735,0
652,383798,1
653,396354,1
654,297877,1
655,148035,1
656,798339,0
657,372549,0
658,494473,1
659,743408,0
660,800642,0
661,208057,0
662,222807,0
663,892815,1
664,932300,1
665,632029,1
666,852084,1
667,547773,1
668,732577,1
669,823924,0
670,101730,1
671,293994,1
672,723346,1
673,750104,1
674,178447,1
675,238481,0
676,129824,0
677,759768,1
678,635204,1
679,321045,0
680,526251,0
681,473323,0
682,476129,1
683,506133,0
684,958220,0
685,537752,1
686,705587,0
687,787130,0
688,292042,1
689,623303,0
690,874035,1
691,444642,0
692,659448,0
693,498905,0
694,604511,0
695,725007,1
696,852219,1
697,878191,0
698,546098,1
699,967707,1
700,767324,0
701,726685,1
702,618715,1
703,495666,1
704,275785,0
705,898808,1
706,175437,1
707,358948,0
708,920966,0
709,773087,1
710,980490,0
711,318473,1
712,800792,0
713,375576,1
714,807115,1
715,387461,1
716,736742,0
717,334677,0
718,865497,0
719,430341,1
720,527780,1
721,740077,0
722,599199,0
723,216291,1
724,971564,1
725,306948,1
726,486058,0
727,277806,0
728,882436,0
729,662385,1
730,239416,0
731,467726,0
732,297377,0
733,226822,1
734,553260,1
735,830445,0
736,655309,0
737,795457,0
738,808295,1
739,606186,1
740,900823,1
741,555811,0
742,688714,1
743,474492,0
744,185255,0
745,873318,0
746,946314,0
747,399883,0
748,811907,1
749,462927,1
750,187312,1
751,898367,1
752,592947,1
753,450166,0
754,662902,1
755,107744,0
756,292291,1
757,599097,1
758,474469,1
759,497999,0
760,487358,0
761,414321,1
762,199318,0
763,434290,1
764,153932,0
765,908841,0
766,610335,1
767,404462,0
768,970442,0
769,916881,0
770,270355,0
771,954086,0
772,162151,0
773,311292,1
774,813060,0
775,210713,1
776,551222,1
777,611325,0
778,390356,1
779,867840,0
780,512915,0
781,498294,0
782,294697,0
783,768006,0
784,416705,0
785,515720,1
786,999881,0
787,953818,1
788,975912,0
789,105395,0
790,287089,1
791,879736,1
792,965162,1
793,589161,1
794,788492,0
795,150333,0
796,177905,0
797,452071,1
798,873312,0
799,866629,0
800,814697,0
801,571926,0
802,218145,0
803,600172,1
804,741268,0
805,378564,1
806,143818,0
807,722344,0
808,124898,0
809,789019,1
810,447070,0
811,231991,1
812,354887,1
813,585355,1
814,143857,0
815,561364,1
816,872581,0
817,190122,0
818,257695,0
819,717226,1
820,412274,0
821,741471,1
822,993128,0
823,633016,0
824,362156,1
825,345615,0
826,566065,1
827,496690,1
828,246925,0
829,534498,0
830,182707,0
831,924242,0
832,665981,1
833,526457,1
834,964688,1
835,637066,0
836,155574,0
837,330665,1
838,760715,0
839,724848,0
840,583113,0
841,717411,0
842,860675,1
843,349947,1
844,154764,1
845,603750,0
846,130688,1
847,430044,1
848,909242,0
849,354352,0
850,883727,1
851,550541,1
852,638586,1
853,258849,0
854,673381,0
855,494947,0
856,150537,1
857,161838,1
858,636614,1
859,694939,0
860,137791,1
861,112401,1
862,525128,0
863,295901,1
864,390676,1
865,967163,1
866,696895,0
867,898575,1
868,779547,0
869,324106,0
870,533789,1
871,734234,0
872,514829,1
873,270830,1
874,564008,1
875,288460,0
876,980368,1
877,915463,0
878,922048,1
879,638214,1
880,352482,0
881,157763,1
882,917080,0
883,294196,1
884,921219,1
885,234592,0
886,922942,0
887,193285,1
888,915018,0
889,523785,1
890,210427,1
891,964651,0
892,994943,1
893,743600,0
894,923759,1
895,181790,1
896,989484,0
897,858445,0
898,747786,1
899,263468,0
900,842678,1
901,749940,1
902,634673,1
903,689507,1
904,257425,0
905,564675,1
906,357657,1
907,276585,0
908,515018,1
909,522882,1
910,117610,1
911,150933,1
912,713805,1
913,136532,0
914,980402,0
915,486306,0
916,739522,0
917,953709,1
918,907732,0
919,215071,0
920,637898,1
921,450723,0
922,736427,1
923,563488,0
924,952211,1
925,832241,1
926,457792,1
927,846893,0
928,289867,1
929,248842,1
930,173186,1
931,682303,1
932,682208,1
933,100173,1
934,928272,1
935,236992,1
936,911601,0
937,303342,1
938,536773,1
939,994012,0
940,653884,0
941,401248,1
942,686278,0
943,289059,0
944,874611,0
945,860293,0
946,439534,0
947,416702,1
948,788213,0
949,985701,0
950,949589,0
951,448203,0
952,676683,1
953,290372,1
954,776003,1
955,851037,1
956,728152,0
957,511091,1
958,238009,1
959,233267,1
960,556588,1
961,482629,1
962,746665,0
963,598155,0
964,731578,1
965,807750,0
966,730454,1
967,361275,1
968,909824,1
969,245212,0
970,543733,0
971,475244,1
972,940591,1
973,326645,1
974,491974,1
975,550584,0
976,450426,1
977,844706,1
978,559260,1
979,673732,0
980,328979,0
981,891607,0
982,972962,1
983,898670,1
984,691531,1
985,708215,0
986,298226,0
987,182310,0
988,812222,1
989,795769,1
990,443896,1
991,362981,0
992,868006,1
993,867021,0
994,424380,0
995,902891,1
996,116097,1
997,375161,0
998,623097,0
999,188036,0
1000,599082,0
1001,672060,0
1002,918030,0
1003,596383,1
1004,226768,0
1005,148188,1
1006,891576,0
1007,184143,0
1008,230468,0
1009,497156,0
1010,696827,1
1011,111398,1
1012,513867,1
1013,599599,0
1014,660052,0
1015,637473,1
1016,419402,0
1017,922121,0
1018,267739,1
1019,387294,0
1020,496538,0
1021,177001,1
1022,108842,0
1023,883285,0
1024,440591,0
1025,432032,1
1026,712677,1
1027,652617,0
1028,548995,0
1029,977580,0
1030,322487,0
1031,856241,1
1032,723797,0
1033,507600,1
1034,419368,0
1035,227386,0
1036,329961,0
1037,276634,0
1038,482416,0
1039,647825,1
1040,704860,0
1041,352977,1
1042,865180,0
1043,582262,1
1044,958511,0
1045,698490,0
1046,512232,1
1047,589117,1
1048,516083,1
1049,999304,0
1050,516912,1
1051,616903,0
1052,951627,1
1053,456472,0
1054,638388,0
1055,577867,0
1056,856434,1
1057,954313,1
1058,851197,1
1059,137053,0
1060,755214,0
1061,171683,1
1062,977497,0
1063,762884,1
1064,179720,1
1065,416228,0
1066,481074,1
1067,703320,1
1068,509456,1
1069,967143,0
1070,104400,0
1071,395311,0
1072,837179,1
1073,798481,1
1074,317030,1
1075,892034,1
1076,432170,1
1077,635631,0
1078,811887,0
1079,847039,0
1080,380173,1
1081,787406,0
1082,344035,1
1083,718149,1
1084,597958,0
1085,808775,1
1086,782069,0
1087,441309,0
1088,523219,1
1089,220158,1
1090,988776,1
1091,996749,0
1092,549777,0
1093,995697,1
1094,116935,0
1095,852347,0
1096,638751,1
1097,898392,0
1098,934359,0
1099,800102,1
1100,979639,0
1101,368042,1
1102,144494,1
1103,100732,1
1104,866324,1
1105,606423,1
1106,955688,1
1107,402436,0
1108,591670,1
1109,736358,1
1110,179085,1
1111,346579,1
1112,510439,0
1113,617435,0
1114,933065,1
1115,794786,0
1116,258960,0
1117,208052,1
1118,832240,1
1119,128620,0
1120,364906,1
1121,619999,0
1122,728154,1
1123,505680,0
1124,982093,0
1125,371397,1
1126,267056,0
1127,928375,1
1128,940948,0
1129,511494,0
1130,200686,1
1131,651266,1
1132,201095,1
1133,680236,0
1134,640709,1
1135,643357,0
1136,477036,1
1137,285838,1
1138,374999,1
1139,869697,1
1140,115412,0
1141,549951,0
1142,207786,1
1143,810441,0
1144,915534,0
1145,329530,0
1146,276489,0
1147,512060,0
1148,870388,0
1149,836478,0
1150,810129,1
1151,267086,0
1152,666375,1
1153,354535,1
1154,582007,1
1155,228873,1
1156,961494,1
1157,503700,0
1158,237433,1
1159,551112,1
1160,496567,1
1161,722137,1
1162,129544,1
1163,215275,1
1164,871986,0
1165,634010,1
1166,243247,1
1167,792609,0
1168,973260,0
1169,376566,1
1170,496144,1
1171,778146,1
1172,603792,0
1173,792617,1
1174,322054,0
1175,690171,0
1176,102346,0
1177,640355,1
1178,613310,1
1179,545308,1
1180,506069,1
1181,672391,0
1182,281713,1
1183,555314,0
1184,268868,1
1185,296159,0
1186,951494,0
1187,293170,1
1188,201375,1
1189,978371,0
1190,105470,0
1191,867753,0
1192,426110,1
1193,580436,1
1194,563519,1
1195,251603,1
1196,124524,1
1197,755216,0
1198,268492,0
1199,344258,0
1200,975710,1
1201,828032,1
1202,606112,1
1203,146365,1
1204,389986,0
1205,210743,0
1206,319012,1
1207,185270,0
1208,115080,1
1209,294691,0
1210,201545,1
1211,762379,1
1212,416058,1
1213,508380,0
1214,459766,0
1215,586129,0
1216,801140,1
1217,396531,0
1218,687213,1
1219,675610,0
1220,493235,0
1221,235191,1
1222,543843,0
1223,845085,1
1224,628047,0
1225,961702,1
1226,875744,0
1227,802312,0
1228,995469,0
1229,675767,0
1230,488659,0
1231,380352,1
1232,167979,1
1233,242173,0
1234,184158,1
1235,798092,1
1236,388196,1
1237,143605,1
1238,614735,0
1239,905889,0
1240,942003,0
1241,861886,1
1242,401899,0
1243,942019,0
1244,280147,0
1245,380388,0
1246,685540,1
1247,639858,1
1248,376835,0
1249,613426,0
1250,663346,1
1251,806408,0
1252,192405,1
1253,424203,1
1254,791512,1
1255,757580,0
1256,699592,0
1257,346116,1
1258,349964,0
1259,266632,1
1260,994706,1
1261,238658,1
1262,760924,1
1263,832471,1
1264,799045,0
1265,797887,0
1266,854546,0
1267,529357,1
1268,443655,0
1269,774334,0
1270,198852,1
1271,834474,0
1272,113084,0
1273,874314,1
1274,255809,0
1275,221930,1
1276,121912,1
1277,258111,1
1278,721203,1
1279,751471,0
1280,910977,1
1281,257725,0
1282,817330,0
1283,983388,1
1284,146388,0
1285,664297,1
1286,332608,0
1287,655759,0
1288,561944,1
1289,661707,0
1290,879246,0
1291,831446,1
1292,455058,0
1293,128826,1
1294,294884,1
1295,111161,0
1296,363423,0
1297,625318,0
1298,130493,1
1299,401721,0
1300,481634,0
1301,551831,0
1302,847629,1
1303,998708,0
1304,606548,0
1305,713938,0
1306,876615,1
1307,766139,1
1308,553976,1
1309,778484,1
1310,796052,1
1311,859766,1
1312,510405,0
1313,452009,0
1314,503192,0
1315,958685,0
1316,343927,0
1317,289748,0
1318,778545,1
1319,159290,1
1320,994743,0
1321,433366,1
1322,845073,1
1323,183886,1
1324,622605,1
1325,857226,1
1326,684422,1
1327,779666,0
1328,641767,0
1329,872282,0
1330,730256,1
1331,313155,0
1332,656579,1
1333,141888,0
1334,930347,0
1335,806448,0
1336,669687,0
1337,401770,0
1338,586046,0
1339,134536,1
1340,764895,0
1341,140411,1
1342,807211,1
1343,376737,0
1344,873601,1
1345,274210,0
1346,882431,0
1347,279449,1
1348,589465,1
1349,242472,0
1350,948719,0
1351,859291,1
1352,322222,1
1353,935652,1
1354,897448,1
1355,734452,0
1356,856879,1
1357,193580,0
1358,663388,1
1359,421731,0
1360,723029,1
1361,317768,1
1362,357185,0
1363,185343,0
1364,826587,1
1365,595457,1
1366,377469,1
1367,568558,1
1368,944661,0
1369,790406,0
1370,192021,0
1371,511686,0
1372,309253,1
1373,436352,0
1374,438712,0
1375,663737,1
1376,523840,1
1377,945977,1
1378,698568,0
1379,444826,1
1380,661824,1
1381,957434,1
1382,728039,1
1383,662386,0
1384,307421,0
1385,346780,0
1386,297082,0
1387,497690,0
1388,972718,0
1389,826133,1
1390,321874,1
1391,430010,1
1392,214035,1
1393,834933,1
1394,585324,0
1395,337684,0
1396,810797,1
1397,784058,1
1398,999440,0
1399,235794,0
1400,166114,1
1401,590484,1
1402,486125,1
1403,717911,1
1404,375419,1
1405,954195,0
1406,576430,1
1407,963351,0
1408,207414,0
1409,614486,1
1410,231762,1
1411,495869,0
1412,981079,1
1413,767394,0
1414,182586,0
1415,327275,0
1416,705288,0
1417,796548,0
1418,481734,0
1419,169241,0
1420,152855,1
1421,136440,0
1422,765567,0
1423,421133,1
1424,123685,0
1425,808492,0
1426,116284,0
1427,896674,0
1428,809397,0
1429,655157,1
1430,793127,0
1431,612755,0
1432,914442,0
1433,415730,1
1434,596704,1
1435,657078,0
1436,753880,0
1437,689563,0
1438,106729,0
1439,141544,0
1440,927147,0
1441,201418,1
1442,260040,1
1443,631867,1
1444,975153,0
1445,668268,0
1446,695334,0
1447,482289,0
1448,196780,0
1449,932168,1
1450,638315,0
1451,371971,0
1452,946526,0
1453,941477,0
1454,898269,1
1455,126800,0
1456,503376,1
1457,772900,1
1458,294035,0
1459,425935,1
1460,938186,0
1461,189276,0
1462,300262,0
1463,320598,0
1464,499561,1
1465,993460,0
1466,153125,1
1467,486060,0
1468,148011,0
1469,905605,1
1470,686678,0
1471,163422,1
1472,411909,0
1473,798783,1
1474,915729,1
1475,372522,0
1476,495796,0
1477,773397,0
1478,340712,1
1479,161860,0
1480,984526,0
1481,454244,0
1482,820250,1
1483,547347,0
1484,795041,1
1485,232382,1
1486,947396,0
1487,857343,0
1488,315408,1
1489,664350,1
1490,873970,0
1491,993352,1
1492,785671,0
1493,813350,0
1494,681484,0
1495,280832,0
1496,286704,0
1497,259707,0
1498,205753,0
1499,104356,0
1500,642024,1
1501,743834,0
1502,923681,1
1503,771487,1
1504,715856,0
1505,599757,1
1506,637810,1
1507,576653,1
1508,488619,0
1509,728193,1
1510,733642,1
1511,344066,1
1512,933224,0
1513,132778,1
1514,117939,1
1515,871295,0
1516,163503,0
1517,817436,1
1518,720212,0
1519,256958,1
1520,999074,1
1521,772020,0
1522,971907,1
1523,488343,0
1524,369529,1
1525,340845,1
1526,509466,0
1527,522663,1
1528,495274,0
1529,653460,0
1530,171248,1
1531,424405,0
1532,909521,1
1533,396642,1
1534,566752,1
1535,212361,0
1536,897942,0
1537,804631,0
1538,367507,0
1539,702347,1
1540,419392,1
1541,753136,0
1542,540709,1
1543,124412,0
1544,873022,1
1545,454228,0
1546,400988,1
1547,474058,1
1548,387319,1
1549,478599,0
1550,526953,1
1551,255839,1
1552,859188,0
1553,551787,0
1554,698979,1
1555,501341,1
1556,619953,1
1557,800771,1
1558,212276,1
1559,805767,0
1560,836360,0
1561,369122,1
1562,761907,1
1563,382085,0
1564,268309,1
1565,191137,1
1566,982835,1
1567,553398,0
1568,586564,0
1569,217807,1
1570,282836,0
1571,511242,1
1572,774773,1
1573,439700,1
1574,942245,1
1575,317101,0
1576,186829,1
1577,120839,0
1578,578074,0
1579,325107,0
1580,273788,1
1581,784860,1
1582,916421,0
1583,348032,0
1584,723391,1
1585,910098,1
1586,159661,1
1587,630422,0
1588,458721,1
1589,744237,1
1590,982902,1
1591,374997,1
1592,731575,0
1593,140391,0
1594,440942,1
1595,772735,1
1596,339188,1
1597,613366,1
1598,777519,1
1599,111243,0
1600,729807,1
1601,590920,0
1602,447944,1
1603,917002,0
1604,552382,0
1605,523061,1
1606,895622,0
1607,825051,0
1608,100482,0
1609,460679,1
1610,887075,0
1611,886596,1
1612,332099,1
1613,523474,1
1614,218313,1
1615,344058,0
1616,639741,0
1617,407057,1
1618,207644,0
1619,968696,1
1620,469855,1
1621,968469,1
1622,873238,1
1623,992818,1
1624,927877,1
1625,829970,0
1626,638473,0
1627,160000,1
1628,868067,0
1629,272466,1
1630,202155,1
1631,797615,0
1632,229962,0
1633,596287,0
1634,327753,0
1635,636674,1
1636,353619,1
1637,455349,0
1638,562314,0
1639,258426,1
1640,839611,0
1641,948981,1
1642,115223,0
1643,806604,1
1644,126361,0
1645,333839,1
1646,974731,1
1647,823168,1
1648,789753,0
1649,243136,0
1650,311042,0
1651,634429,0
1652,386961,0
1653,942967,0
1654,415268,1
1655,160662,1
1656,426019,1
1657,523031,1
1658,859656,0
1659,152523,1
1660,715474,0
1661,856644,1
1662,335388,1
1663,997150,1
1664,640611,1
1665,158920,0
1666,158794,1
1667,437628,1
1668,234288,1
1669,626293,0
1670,253431,1
1671,510108,1
1672,225622,0
1673,394767,0
1674,411871,1
1675,641855,0
1676,956513,0
1677,784659,1
1678,286511,0
1679,436290,0
1680,805195,0
1681,894802,0
1682,334893,0
1683,418881,0
1684,517423,0
1685,343305,0
1686,651835,0
1687,295004,0
1688,688613,1
1689,329417,0
1690,648601,0
1691,612117,0
1692,349085,1
1693,184002,0
1694,168199,1
1695,201353,0
1696,500911,0
1697,280033,0
1698,878656,0
1699,694984,1
1700,732944,1
1701,907398,1
1702,643268,1
1703,411746,0
1704,755510,1
1705,951931,0
1706,335899,1
1707,373801,0
1708,508860,0
1709,554823,0
1710,629388,1
1711,414262,0
1712,321819,1
1713,638304,1
1714,411608,0
1715,164710,1
1716,796735,0
1717,419407,0
1718,665363,0
1719,318910,0
1720,430143,1
1721,180165,0
1722,945951,0
1723,441297,1
1724,626049,0
1725,480438,0
1726,484894,0
1727,602473,0
1728,902220,0
1729,364405,1
1730,395622,1
1731,929530,0
1732,626133,1
1733,921657,1
1734,854081,0
1735,919779,0
1736,232833,1
1737,581421,0
1738,693864,1
1739,905116,1
1740,436458,1
1741,754493,1
1742,460339,1
1743,147363,1
1744,273932,1
1745,603325,0
1746,763497,1
1747,831616,0
1748,676622,0
1749,249569,1
1750,358987,1
1751,609387,0
1752,752682,0
1753,394432,0
1754,447183,1
1755,120616,1
1756,457969,1
1757,556015,1
1758,675438,0
1759,504238,1
1760,726218,1
1761,354668,0
1762,230206,0
1763,887292,1
1764,719405,0
1765,417650,1
1766,415639,0
1767,313641,0
1768,198573,1
1769,597581,1
1770,268565,1
1771,301412,1
1772,594376,0
1773,573275,1
1774,409695,1
1775,962241,1
1776,980559,0
1777,133443,1
1778,594352,0
1779,186374,1
1780,671226,0
1781,265678,0
1782,826694,1
1783,451856,1
1784,108831,1
1785,905185,0
1786,166382,1
1787,950727,1
1788,653737,0
1789,420468,0
1790,168906,0
1791,765655,0
1792,466141,0
1793,441302,1
1794,935391,0
1795,335565,0
1796,601823,0
1797,384231,0
1798,669544,0
1799,591824,1
1800,894419,1
1801,406880,0
1802,474470,1
1803,129680,1
1804,423851,1
1805,776745,0
1806,621295,1
1807,463124,0
1808,335726,0
1809,706242,0
1810,327280,0
1811,340343,1
1812,588546,1
1813,865661,0
1814,566767,1
1815,988565,1
1816,909888,1
1817,565710,1
1818,836983,1
1819,248520,1
1820,265167,1
1821,566475,0
1822,795891,0
1823,765136,1
1824,477682,0
1825,382624,1
1826,420854,1
1827,796771,1
1828,760652,1
1829,968418,1
1830,601863,0
1831,873010,1
1832,159866,1
1833,351608,0
1834,184102,0
1835,840616,0
1836,306033,0
1837,714405,1
1838,729527,1
1839,293854,1
1840,633583,1
1841,745812,1
1842,971608,0
1843,859661,0
1844,296050,1
1845,115119,1
1846,900387,0
1847,311008,1
1848,424464,0
1849,536470,0
1850,391276,0
1851,980386,0
1852,129864,1
1853,301448,0
1854,794297,1
1855,608062,0
1856,847936,1
1857,189824,1
1858,574527,1
1859,480388,1
1860,486414,1
1861,274211,0
1862,579618,0
1863,643760,1
1864,580627,1
1865,465263,1
1866,170291,1
1867,191539,1
1868,842832,0
1869,735208,0
1870,311647,1
1871,301845,1
1872,991168,1
1873,819909,0
1874,685592,0
1875,755088,0
1876,448341,0
1877,979534,0
1878,973255,1
1879,473468,0
1880,781613,0
1881,440982,0
1882,148802,0
1883,164618,1
1884,778790,0
1885,717333,1
1886,911407,0
1887,951552,0
1888,242437,0
1889,572374,0
1890,527584,0
1891,863876,0
1892,982029,0
1893,907745,0
1894,592933,1
1895,904990,0
1896,472257,1
1897,821427,0
1898,349592,1
1899,245869,1
1900,259500,1
1901,588869,1
1902,585560,0
1903,757471,0
1904,678625,1
1905,253288,1
1906,352258,1
1907,158643,1
1908,539060,0
1909,326405,0
1910,785601,1
1911,876687,1
1912,557871,1
1913,343034,0
1914,100053,0
1915,152764,1
1916,864684,0
1917,274438,1
1918,164504,1
1919,358837,1
1920,432300,1
1921,699769,1
1922,166653,0
1923,106109,0
1924,165024,0
1925,534909,0
1926,829391,0
1927,455305,1
1928,533618,1
1929,351499,1
1930,223520,0
1931,300316,1
1932,154373,0
1933,409447,0
1934,695879,1
1935,386098,0
1936,263450,1
1937,245755,0
1938,587048,0
1939,898155,1
1940,777263,0
1941,221855,1
1942,603178,1
1943,936850,0
1944,912423,1
1945,223931,1
1946,935683,1
1947,696860,1
1948,826404,1
1949,627589,1
1950,128261,1
1951,612975,1
1952,746755,1
1953,950600,0
1954,139249,1
1955,349347,1
1956,716771,0
1957,680774,0
1958,912525,0
1959,197991,0
1960,475487,1
1961,241630,0
1962,161215,1
1963,975275,1
1964,350296,1
1965,591374,1
1966,259590,0
1967,502824,0
1968,881904,1
1969,203191,1
1970,813189,0
1971,615862,0
1972,648566,1
1973,753649,1
1974,833662,0
1975,446081,1
1976,284918,1
1977,681152,1
1978,311401,0
1979,275901,1
1980,950229,1
1981,721764,0
1982,825983,1
1983,910969,0
1984,185900,1
1985,784908,0
1986,674786,0
1987,831652,0
1988,663642,1
1989,870968,0
1990,987801,1
1991,582614,1
1992,815676,1
1993,630031,1
1994,677533,0
1995,809580,0
1996,937779,0
1997,240319,0
1998,471760,0
1999,419924,0
